PlayerId,Name,age_2025,last_season,k_pct_projected,pi80_low,pi80_high,pred_sd,reliability,tbf_projected,w_bf,raw_w_rate,stuff_wtd,stuff_delta,stuff_residual,age_adj,league_shift,pred_eb,pred_ridge,n_seasons,is_pos_player
621242,Edwin Díaz,31,2024,0.348836,0.287058,0.410614,0.048204,0.687355,176.225,298.25,0.420117,119.764981,-18.752799,0.680378,-0.010632,-0.000149,0.361975,0.335697,2,False
642207,Devin Williams,30,2024,0.346018,0.278223,0.413812,0.052898,0.696007,126.26,310.6,0.398583,113.207426,5.137236,0.658623,-0.00657,-0.000884,0.347682,0.344353,3,False
642585,Félix Bautista,30,2023,0.343785,0.279788,0.407782,0.049935,0.62976,177.875,230.75,0.419502,128.369776,-4.986824,0.614136,-0.013141,-0.001002,0.354228,0.333343,2,False
695243,Mason Miller,26,2024,0.341372,0.282292,0.400452,0.046098,0.710166,192.84,332.4,0.381468,124.925353,16.771869,0.478813,-0.002057,-0.000944,0.348117,0.334627,2,False
675911,Spencer Strider,26,2024,0.333729,0.275306,0.392151,0.045586,0.834614,145.26,684.6,0.367076,117.358172,-9.712952,0.481146,-0.002057,-0.001247,0.346731,0.320727,3,False
623352,Josh Hader,31,2024,0.332061,0.278915,0.385206,0.041468,0.784294,220.525,493.25,0.373746,113.38614,0.785493,0.551363,-0.010632,-0.000776,0.336956,0.327165,3,False
547973,Aroldis Chapman,37,2024,0.317498,0.263764,0.371232,0.041927,0.776161,213.04,470.4,0.371705,110.197617,-12.458007,0.579733,-0.016756,-0.000886,0.326616,0.30838,3,False
669093,Jeremiah Estrada,26,2024,0.317229,0.257355,0.377103,0.046718,0.684519,190.235,294.35,0.355359,107.188009,1.86457,0.550936,-0.002057,-0.00068,0.316709,0.317749,3,False
594798,Jacob deGrom,37,2024,0.317101,0.240447,0.393754,0.059811,0.591767,97.265,196.65,0.390033,121.559363,-7.523857,0.540218,-0.016756,-0.000512,0.324536,0.309666,3,False
518585,Fernando Cruz,35,2024,0.315994,0.263134,0.368853,0.041245,0.778861,222.98,477.8,0.366576,103.501983,1.060226,0.649709,-0.016756,-0.00104,0.319083,0.312904,3,False
676979,Garrett Crochet,26,2024,0.315652,0.271599,0.359706,0.034374,0.823603,361.34,633.4,0.341332,115.095946,9.724747,0.392139,-0.002057,-0.000634,0.324213,0.307092,2,False
662253,Andrés Muñoz,26,2024,0.311656,0.256387,0.366924,0.043124,0.766531,197.34,445.4,0.338572,121.182071,-9.825003,0.321879,-0.002057,-0.000726,0.319997,0.303314,3,False
682254,Mason Montgomery,25,2024,0.311462,0.217879,0.405046,0.073021,0.214294,78.5,37.0,0.459459,122.395063,0.0,0.821809,-0.002057,-0.000535,0.310275,0.31265,1,False
671305,Michel Otañez,27,2024,0.309032,0.237194,0.38087,0.056053,0.526757,135.5,151.0,0.364238,124.46376,0.0,0.410654,-0.002636,-0.000535,0.319363,0.2987,1,False
650556,Bryan Abreu,28,2024,0.30838,0.259035,0.357725,0.038502,0.811495,248.4,584.0,0.331849,110.910121,-4.69644,0.397527,-0.002636,-0.000808,0.313067,0.303693,3,False
671922,Cade Smith,26,2024,0.306837,0.248146,0.365528,0.045795,0.680545,204.5,289.0,0.356401,104.043505,0.0,0.599953,-0.002057,-0.000535,0.314539,0.299135,1,False
664854,Ryan Helsley,30,2024,0.305013,0.250754,0.359273,0.042337,0.763209,210.125,437.25,0.327273,126.561224,4.839077,0.230043,-0.00657,-0.000594,0.308708,0.301319,3,False
694973,Paul Skenes,23,2024,0.301998,0.254805,0.349192,0.036824,0.791183,317.0,514.0,0.330739,108.492137,0.0,0.424081,0.000424,-0.000535,0.312647,0.291349,1,False
605483,Blake Snell,32,2024,0.301012,0.260247,0.341778,0.031808,0.885626,332.245,1050.45,0.328669,102.943576,7.303328,0.490808,-0.010632,-0.000976,0.305857,0.296168,3,False
681911,Alex Vesia,29,2024,0.299791,0.246547,0.353036,0.041545,0.776989,212.465,472.65,0.323813,113.401671,0.836489,0.331978,-0.00657,-0.000749,0.301382,0.2982,3,False
666374,Matt Brash,27,2023,0.298397,0.239289,0.357505,0.04612,0.659283,209.45,262.5,0.327238,121.030354,9.256505,0.273343,-0.004693,-0.001268,0.302014,0.29478,2,False
607192,Tyler Glasnow,31,2024,0.298071,0.256251,0.339892,0.032631,0.858357,351.01,822.1,0.326846,108.865954,-3.165798,0.399809,-0.010632,-0.001096,0.303633,0.29251,3,False
677053,Andrew Nardi,26,2024,0.296843,0.23932,0.354366,0.044884,0.737556,182.125,381.25,0.320525,106.875479,-0.653621,0.399414,-0.002057,-0.001036,0.296493,0.297193,3,False
661395,Jhoan Duran,27,2024,0.294871,0.240753,0.348989,0.042227,0.777519,198.61,474.1,0.311221,127.306247,-5.318005,0.151912,-0.002636,-0.000786,0.300852,0.28889,3,False
669308,Sean Reynolds,27,2024,0.291806,0.202307,0.381305,0.069834,0.265353,84.5,49.0,0.428571,107.760533,0.0,0.85465,-0.002636,-0.000535,0.289043,0.294568,1,False
656546,Jeff Hoffman,32,2024,0.291671,0.238359,0.344982,0.041598,0.771774,211.875,458.75,0.318583,112.122415,-3.046191,0.322426,-0.010632,-0.000768,0.292292,0.29105,3,False
670955,Edwin Uceta,27,2024,0.290206,0.222184,0.358227,0.053076,0.584897,142.715,191.15,0.331415,101.622792,7.566518,0.527479,-0.002636,-0.000405,0.285032,0.295379,3,False
673380,Dedniel Núñez,29,2024,0.290047,0.216718,0.363376,0.057217,0.498781,127.5,135.0,0.355556,110.642089,0.0,0.509123,-0.00657,-0.000535,0.295488,0.284606,1,False
656945,Tanner Scott,30,2024,0.289482,0.239827,0.339137,0.038744,0.810269,235.535,579.35,0.307068,122.710154,-0.052986,0.164441,-0.00657,-0.000809,0.293327,0.285637,3,False
660271,Shohei Ohtani,30,2023,0.289288,0.243379,0.335197,0.035822,0.802032,327.36,549.6,0.321779,120.441426,-2.260738,0.251588,-0.013141,-0.000891,0.297454,0.281122,2,False
621381,Matt Strahm,33,2024,0.289226,0.236599,0.341853,0.041064,0.791552,206.315,515.15,0.314472,114.265381,1.226169,0.278698,-0.009901,-0.001018,0.291784,0.286667,3,False
676254,Ryan Walker,29,2024,0.286228,0.234398,0.338058,0.040442,0.774449,229.78,465.8,0.31301,111.83841,-1.519869,0.300499,-0.00657,-0.001087,0.29173,0.280727,2,False
489446,Kirby Yates,38,2024,0.28601,0.230376,0.341644,0.04341,0.747191,194.895,400.95,0.33695,94.633933,4.606452,0.66624,-0.016756,-0.001114,0.2863,0.28572,3,False
669373,Tarik Skubal,28,2024,0.285922,0.249801,0.322042,0.028184,0.890739,471.795,1105.95,0.298522,109.727197,4.79306,0.257294,-0.002636,-0.000598,0.289737,0.282106,3,False
678226,Daysbel Hernández,28,2024,0.284373,0.202333,0.366412,0.064013,0.387982,98.2,86.0,0.344186,110.179811,12.251805,0.468315,-0.002636,-0.000763,0.282402,0.286343,2,False
663574,Tony Santillan,28,2024,0.283815,0.212382,0.355248,0.055737,0.550885,125.44,166.4,0.324219,101.52494,12.796791,0.497024,-0.002636,-0.000358,0.277455,0.290175,3,False
641729,Joe Jiménez,30,2024,0.281942,0.230324,0.33356,0.040276,0.786802,220.865,500.65,0.305103,106.923209,-4.965625,0.326072,-0.00657,-0.000774,0.284087,0.279797,3,False
664776,Jake Cousins,30,2024,0.28187,0.214665,0.349076,0.052439,0.599007,142.265,202.65,0.318529,104.194066,7.586744,0.429551,-0.00657,-0.00061,0.277445,0.286296,3,False
643377,Griffin Jax,30,2024,0.281775,0.231097,0.332454,0.039543,0.799782,224.59,541.9,0.300978,109.732341,-3.018065,0.269497,-0.00657,-0.000767,0.282992,0.280558,3,False
679885,Justin Martinez,23,2024,0.28094,0.22554,0.33634,0.043227,0.71611,217.42,342.2,0.290473,119.890867,14.937941,0.111548,0.000424,-0.000698,0.283993,0.277887,2,False
502085,David Robertson,40,2024,0.280634,0.230668,0.330599,0.038987,0.802089,233.38,549.8,0.316752,110.983743,1.34601,0.326115,-0.016756,-0.000778,0.286203,0.275065,3,False
640462,A.J. Puk,30,2024,0.280414,0.230136,0.330692,0.039231,0.798488,231.355,537.55,0.300251,110.848876,-6.144529,0.252168,-0.00657,-0.000719,0.282915,0.277912,3,False
592779,Brock Stewart,33,2024,0.279906,0.20206,0.357753,0.060742,0.49392,100.04,132.4,0.327795,118.59566,-5.599508,0.299734,-0.009901,-0.00134,0.285573,0.27424,2,False
666808,Camilo Doval,27,2024,0.27988,0.229081,0.330679,0.039637,0.79913,222.37,539.7,0.293126,114.689455,-4.854942,0.174211,-0.002636,-0.000785,0.282794,0.276965,3,False
519242,Chris Sale,36,2024,0.279629,0.241868,0.317391,0.029465,0.876831,437.375,965.75,0.312451,103.808002,1.370935,0.402966,-0.016756,-0.000953,0.284972,0.274287,3,False
689147,Orion Kerkering,24,2024,0.279492,0.219613,0.339371,0.046722,0.661747,189.34,265.4,0.292389,119.534146,-5.409741,0.124696,0.000424,-0.000587,0.283979,0.275005,2,False
668881,Hunter Greene,25,2024,0.278565,0.241198,0.315931,0.029156,0.889825,413.965,1095.65,0.289874,114.113242,0.988773,0.16417,-0.002057,-0.000742,0.283503,0.273626,3,False
621237,José Alvarado,30,2024,0.278325,0.224613,0.332036,0.04191,0.762733,206.81,436.1,0.297524,114.316939,-9.009151,0.199319,-0.00657,-0.00068,0.280903,0.275747,3,False
681870,Erik Sabrowski,27,2024,0.278147,0.18878,0.367513,0.06973,0.257309,83.5,47.0,0.404255,104.316465,0.0,0.805169,-0.002636,-0.000535,0.274797,0.281497,1,False
518886,Craig Kimbrel,37,2024,0.278045,0.225008,0.331082,0.041384,0.783104,201.78,489.8,0.315639,111.242911,-10.176748,0.318484,-0.016756,-0.00083,0.284141,0.271949,3,False
621345,A.J. Minter,31,2024,0.277214,0.217376,0.337052,0.04669,0.739371,152.085,384.85,0.304274,115.427745,-9.410025,0.219456,-0.010632,-0.000851,0.281347,0.273082,3,False
669276,Dylan Lee,30,2024,0.276714,0.220518,0.33291,0.043848,0.732221,193.095,370.95,0.299366,104.596378,0.673383,0.332377,-0.00657,-0.000536,0.275032,0.278395,3,False
657585,Reed Garrett,32,2024,0.276565,0.218625,0.334504,0.045209,0.699874,190.435,316.35,0.299352,112.534105,8.227386,0.228707,-0.010632,-0.000728,0.274455,0.278675,3,False
687863,Porter Hodge,24,2024,0.276457,0.20736,0.345555,0.053915,0.547287,142.0,164.0,0.317073,105.468906,0.0,0.406388,0.000424,-0.000535,0.280766,0.272149,1,False
689690,Alek Jacob,27,2024,0.275884,0.189893,0.361875,0.067096,0.317125,89.1,63.0,0.349206,109.162596,-21.927904,0.505947,-0.002636,-0.00069,0.275648,0.27612,2,False
592094,Jason Adam,33,2024,0.275776,0.224425,0.327128,0.040069,0.785961,222.615,498.15,0.298404,109.121187,1.043478,0.264754,-0.009901,-0.000738,0.276641,0.274911,3,False
572955,Pierce Johnson,34,2024,0.275247,0.220653,0.329842,0.042599,0.757863,196.86,424.6,0.302285,104.491924,1.074141,0.346783,-0.009901,-0.001099,0.274961,0.275534,3,False
672860,Prelander Berroa,25,2024,0.274893,0.194207,0.355579,0.062957,0.392912,101.98,87.8,0.316629,111.566863,0.453613,0.328796,-0.002057,-0.000624,0.274643,0.275142,2,False
664126,Pete Fairbanks,31,2024,0.274779,0.215091,0.334466,0.046572,0.706052,166.585,325.85,0.301059,125.815162,-20.673741,0.114269,-0.010632,-0.000956,0.282737,0.26682,3,False
675916,James Karinchak,29,2023,0.273965,0.204896,0.343034,0.053893,0.53898,144.26,158.6,0.333544,102.92437,-12.647753,0.51752,-0.009207,-0.001095,0.275774,0.272156,2,False
623465,Evan Phillips,30,2024,0.273579,0.219515,0.327643,0.042185,0.768345,196.195,449.95,0.287921,117.244128,1.015175,0.122398,-0.00657,-0.00079,0.275004,0.272154,3,False
600917,José Leclerc,31,2024,0.27345,0.2223,0.324599,0.03991,0.785606,224.91,497.1,0.297928,104.054012,-0.425914,0.332643,-0.010632,-0.000798,0.272714,0.274185,3,False
669062,Erik Miller,27,2024,0.273294,0.215225,0.331363,0.04531,0.676739,202.0,284.0,0.306338,102.862914,0.0,0.392171,-0.002636,-0.000535,0.278606,0.267982,1,False
656302,Dylan Cease,29,2024,0.273258,0.24029,0.306225,0.025724,0.916748,514.185,1493.85,0.289085,107.635069,6.504844,0.238728,-0.00657,-0.000803,0.277851,0.268664,3,False
666142,Cole Ragans,27,2024,0.273084,0.236883,0.309285,0.028247,0.886359,470.61,1058.1,0.283763,109.163446,0.60877,0.193249,-0.002636,-0.000817,0.27606,0.270109,3,False
683618,Edgardo Henriquez,23,2024,0.272705,0.173764,0.371645,0.077201,0.093546,67.0,14.0,0.357143,114.541695,0.0,0.508296,0.000424,-0.000535,0.267432,0.277977,1,False
683232,Nick Mears,28,2024,0.271835,0.21412,0.329551,0.045034,0.69628,193.5,311.0,0.283923,106.03378,16.552101,0.238274,-0.002636,-0.000796,0.266748,0.276923,3,False
554340,Yimi García,34,2024,0.271403,0.213448,0.329358,0.045221,0.750767,162.065,408.65,0.285574,113.524676,12.468728,0.150014,-0.009901,-0.000914,0.267505,0.275301,3,False
643410,Mark Leiter Jr.,34,2024,0.270981,0.219527,0.322436,0.040148,0.791856,214.01,516.1,0.305658,87.923598,1.797639,0.652886,-0.009901,-0.000777,0.270219,0.271744,3,False
656730,Trevor Megill,31,2024,0.270829,0.211767,0.329892,0.046085,0.715036,167.24,340.4,0.288925,116.132638,-2.423259,0.13911,-0.010632,-0.000678,0.26988,0.271778,3,False
669211,Keegan Akin,30,2024,0.269799,0.21933,0.320267,0.039379,0.785012,234.735,495.35,0.282931,109.639627,4.396248,0.183761,-0.00657,-0.000431,0.268329,0.271269,3,False
642100,Gabe Speier,30,2024,0.268957,0.202693,0.335221,0.051704,0.657606,127.655,260.55,0.292842,109.465541,-11.164924,0.235988,-0.00657,-0.001201,0.269432,0.268482,3,False
673540,Kodai Senga,32,2024,0.268905,0.204241,0.333568,0.050455,0.762857,111.64,436.4,0.29835,101.549353,5.76614,0.372724,-0.010632,-0.002089,0.268694,0.269116,2,False
642547,Freddy Peralta,29,2024,0.26814,0.233299,0.302982,0.027186,0.901668,474.395,1243.95,0.286266,100.343391,-3.454695,0.332484,-0.00657,-0.000945,0.272581,0.2637,3,False
691587,Eury Pérez,22,2023,0.267713,0.209099,0.326327,0.045735,0.62323,232.04,224.4,0.28877,110.899948,0.0,0.200305,0.000847,-0.002164,0.272952,0.262474,1,False
596112,Robert Stephenson,32,2023,0.267244,0.202838,0.33165,0.050254,0.604156,161.105,207.05,0.316107,107.939175,8.586196,0.365717,-0.021264,-0.0009,0.265219,0.269269,2,False
592662,Robbie Ray,33,2024,0.266742,0.208003,0.325481,0.045832,0.752134,152.765,411.65,0.289081,101.634238,-5.947174,0.326844,-0.009901,0.000342,0.264182,0.269302,3,False
607481,Aaron Bummer,31,2024,0.266476,0.213015,0.319937,0.041714,0.76643,202.115,445.15,0.283725,113.986256,0.193866,0.136046,-0.010632,-0.000993,0.265942,0.26701,3,False
666208,Alex Speas,27,2024,0.265871,0.166668,0.365074,0.077406,0.100756,64.72,15.2,0.289474,114.792794,10.98,0.215929,-0.002636,-0.001307,0.258071,0.27367,2,False
700187,Troy Taylor,23,2024,0.265787,0.184591,0.346982,0.063355,0.373858,100.5,81.0,0.308642,108.693658,0.0,0.329246,0.000424,-0.000535,0.268757,0.262817,1,False
650633,Michael King,30,2024,0.265485,0.229121,0.301849,0.028374,0.885992,455.825,1054.25,0.284847,99.204835,-8.974961,0.344038,-0.00657,-0.000842,0.270082,0.260888,3,False
621053,Tyler Ferguson,31,2024,0.265032,0.200933,0.329132,0.050015,0.604098,163.5,207.0,0.299517,113.52709,0.0,0.219851,-0.010632,-0.000535,0.271272,0.258793,1,False
623149,Paul Sewald,35,2024,0.264963,0.207457,0.32247,0.044871,0.746317,165.91,399.1,0.291155,118.986782,-3.819202,0.120833,-0.016756,-0.000848,0.267513,0.262413,3,False
664849,Danny Young,31,2024,0.264829,0.198423,0.331235,0.051815,0.592442,145.72,197.2,0.287525,110.421837,9.072989,0.199406,-0.010632,-0.000629,0.260741,0.268917,3,False
445276,Kenley Jansen,37,2024,0.264505,0.209642,0.319369,0.042809,0.756647,189.38,421.8,0.291489,123.487303,-3.576869,0.083815,-0.016756,-0.000669,0.270042,0.258969,3,False
676395,Robert Garcia,29,2024,0.264329,0.207347,0.321312,0.044462,0.70691,193.12,327.2,0.289731,103.214837,0.160779,0.307081,-0.00657,-0.000915,0.265137,0.263521,2,False
672841,Carlos Vargas,25,2023,0.263579,0.166109,0.361048,0.076053,0.088674,70.12,13.2,0.318182,114.608642,0.0,0.350073,-0.001633,-0.002164,0.259991,0.267166,1,False
663556,Shane McClanahan,28,2023,0.263221,0.216126,0.310315,0.036747,0.788498,298.175,505.75,0.277805,113.454591,-1.666887,0.11295,-0.005273,-0.000821,0.267129,0.259312,2,False
685801,Hunter Bigge,27,2024,0.262407,0.179773,0.34504,0.064476,0.349852,96.5,73.0,0.328767,103.849541,0.0,0.488218,-0.002636,-0.000535,0.263325,0.261488,1,False
605540,Brandon Woodruff,32,2023,0.262334,0.206959,0.317709,0.043208,0.731079,198.08,368.8,0.300705,108.774902,-0.807637,0.280985,-0.021264,-0.000382,0.264232,0.260436,2,False
668674,Lucas Erceg,30,2024,0.262219,0.207962,0.316477,0.042336,0.748433,201.56,403.6,0.279485,110.415623,2.570965,0.157529,-0.00657,-0.001143,0.264202,0.260237,2,False
664294,Dauri Moreta,29,2023,0.262148,0.198819,0.325478,0.049414,0.595118,175.54,199.4,0.297141,102.697814,9.410292,0.352361,-0.009207,-0.001314,0.259426,0.264871,2,False
657746,Joe Ryan,29,2024,0.262141,0.224912,0.299371,0.029049,0.894695,390.46,1152.6,0.275941,103.9384,2.582389,0.226186,-0.00657,-0.000848,0.26403,0.260252,3,False
601713,Nick Pivetta,32,2024,0.261908,0.225836,0.297981,0.028146,0.899765,419.775,1217.75,0.281708,101.458534,0.391856,0.291988,-0.010632,-0.000695,0.264865,0.258951,3,False
523260,Joe Kelly,37,2024,0.261899,0.199996,0.323803,0.048301,0.690952,147.53,303.3,0.295252,109.570614,-6.580947,0.244594,-0.016756,-0.000802,0.262972,0.260827,3,False
671737,Taj Bradley,24,2024,0.26188,0.222029,0.301731,0.031095,0.862923,376.6,854.0,0.27096,108.406419,0.296352,0.140008,0.000424,-0.001062,0.266689,0.257071,2,False
622250,Josh Sborz,31,2024,0.261607,0.191886,0.331329,0.054402,0.632019,110.9,233.0,0.290987,106.22218,-5.69108,0.270596,-0.010632,-0.001227,0.260085,0.26313,3,False
656529,Sam Hentges,28,2024,0.261382,0.197035,0.325729,0.050208,0.695973,127.455,310.55,0.276284,102.852416,-0.759095,0.246894,-0.002636,-0.000851,0.258835,0.263929,3,False
664076,Garrett Cleavinger,31,2024,0.261286,0.204841,0.317732,0.044043,0.706783,199.1,327.0,0.277064,112.540566,-0.143108,0.120478,-0.010632,-0.000541,0.259197,0.263376,3,False
548384,Brooks Raley,37,2024,0.260634,0.187822,0.333446,0.056814,0.641974,94.325,243.25,0.275231,117.248084,16.043884,0.06086,-0.016756,-0.001042,0.253466,0.267802,3,False
808967,Yoshinobu Yamamoto,26,2024,0.259302,0.206796,0.311809,0.040969,0.730652,244.0,368.0,0.285326,96.994755,0.0,0.386104,-0.002057,-0.000535,0.263502,0.255103,1,False
656755,Bryce Montes de Oca,29,2022,0.259276,0.160269,0.358283,0.077253,0.046729,68.265,6.65,0.315789,115.510714,0.0,0.37964,-0.011843,0.000864,0.252078,0.266475,1,False
666171,Ryan Zeferjahn,27,2024,0.259236,0.174846,0.343625,0.065847,0.320545,92.0,64.0,0.28125,115.740769,0.0,0.119724,-0.002636,-0.000535,0.264237,0.254235,1,False
622780,Angel Perdomo,31,2023,0.259114,0.179413,0.338815,0.062189,0.341009,113.82,70.2,0.376068,100.606128,0.0,0.741866,-0.017203,-0.002164,0.256694,0.261534,1,False
676879,Aaron Ashby,27,2024,0.259071,0.195291,0.322852,0.049767,0.677699,136.125,285.25,0.270289,109.259131,-1.037562,0.127796,-0.002636,0.00028,0.260295,0.257848,2,False
806185,Hayden Birdsong,23,2024,0.258081,0.202564,0.313598,0.043319,0.698975,217.5,315.0,0.279365,99.591534,0.0,0.314175,0.000424,-0.000535,0.261763,0.254399,1,False
680704,Nick Sandlin,28,2024,0.258039,0.205141,0.310936,0.041274,0.76931,203.64,452.4,0.269562,104.209181,-8.402694,0.191809,-0.002636,-0.000857,0.257857,0.258221,3,False
543037,Gerrit Cole,34,2024,0.257855,0.218922,0.296788,0.030378,0.895309,332.015,1160.15,0.27768,109.791161,-0.226864,0.153995,-0.009901,-0.000892,0.263785,0.251925,3,False
687792,DJ Herz,24,2024,0.257804,0.206069,0.309539,0.040368,0.737937,251.0,382.0,0.277487,98.800608,0.0,0.31712,0.000424,-0.000535,0.262062,0.253546,1,False
573124,Taylor Rogers,34,2024,0.257707,0.205496,0.309919,0.040739,0.777665,207.05,474.5,0.277766,106.74564,-7.526917,0.195928,-0.009901,-0.000697,0.258914,0.256501,3,False
676962,Ben Brown,25,2024,0.257672,0.195231,0.320114,0.048722,0.620702,171.0,222.0,0.288288,99.723325,0.0,0.356778,-0.002057,-0.000535,0.260434,0.254911,1,False
650671,José Quijada,29,2024,0.257436,0.184807,0.330066,0.056671,0.552883,110.375,167.75,0.280179,103.804279,0.792704,0.254754,-0.00657,-0.000281,0.252199,0.262674,3,False
678020,Seth Halvorsen,25,2024,0.257383,0.16883,0.345935,0.069095,0.253221,83.0,46.0,0.282609,113.771143,0.0,0.154187,-0.002057,-0.000535,0.26069,0.254076,1,False
621114,Ryan Burr,31,2024,0.257294,0.187023,0.327566,0.054831,0.531092,131.365,153.65,0.321835,93.024559,-3.161247,0.631954,-0.010632,-0.000411,0.254737,0.259852,2,False
595014,Blake Treinen,37,2024,0.257151,0.191419,0.322884,0.051289,0.583367,152.595,189.95,0.30587,105.05333,-7.016304,0.35774,-0.016756,-0.000492,0.259683,0.254619,2,False
661563,Luis Gil,27,2024,0.257008,0.214897,0.29912,0.032859,0.825923,379.165,643.65,0.268391,105.635052,-0.665803,0.164743,-0.002636,-0.000521,0.259879,0.254137,2,False
607074,Carlos Rodón,32,2024,0.256907,0.221722,0.292091,0.027454,0.894981,470.01,1156.1,0.273635,110.690537,3.727268,0.122869,-0.010632,-0.000476,0.260054,0.253759,3,False
686752,Ryan Pepiot,27,2024,0.256652,0.214203,0.2991,0.033122,0.835775,344.64,690.4,0.259994,107.089968,11.441763,0.101346,-0.002636,-0.000647,0.253642,0.259662,3,False
628452,Raisel Iglesias,35,2024,0.25656,0.204902,0.308217,0.040307,0.780968,211.97,483.7,0.281373,104.571584,9.452889,0.24428,-0.016756,-0.000753,0.253729,0.25939,3,False
682842,Abner Uribe,25,2024,0.256228,0.180302,0.332153,0.059243,0.511769,100.62,142.2,0.26301,114.896182,-2.134597,0.028826,-0.002057,-0.001408,0.257633,0.254822,2,False
656629,Michael Kopech,29,2024,0.256032,0.211055,0.301009,0.035094,0.856012,252.25,806.5,0.254371,108.879696,29.633344,0.047636,-0.00657,-0.000951,0.245606,0.266458,3,False
666157,Nick Lodolo,27,2024,0.255908,0.213744,0.298072,0.0329,0.846297,331.895,746.95,0.262467,104.613309,-0.52559,0.148795,-0.002636,-0.000463,0.255145,0.256672,3,False
663485,Cole Sands,27,2024,0.255862,0.202815,0.30891,0.041392,0.747473,216.955,401.55,0.267464,95.821248,5.905872,0.317206,-0.002636,-0.000597,0.249851,0.261874,3,False
676760,Ron Marinaccio,29,2024,0.255638,0.190903,0.320373,0.050511,0.677775,128.135,285.35,0.274049,102.633098,-0.291936,0.239239,-0.00657,-0.000927,0.252294,0.258982,3,False
657571,Caleb Ferguson,28,2024,0.255496,0.203003,0.30799,0.040959,0.77252,205.67,460.7,0.264706,103.398475,-5.559619,0.17903,-0.002636,-0.000957,0.253632,0.257361,3,False
672282,Reid Detmers,25,2024,0.255443,0.214609,0.296276,0.031861,0.876864,313.005,966.05,0.261374,102.816928,2.174605,0.169711,-0.002057,-0.000913,0.254563,0.256322,3,False
656638,Alex Lange,29,2024,0.25541,0.193238,0.317582,0.048511,0.725001,131.765,357.65,0.271494,102.457236,-2.270348,0.228297,-0.00657,-0.000951,0.252376,0.258444,3,False
664747,Alexis Díaz,28,2024,0.255345,0.203741,0.306949,0.040265,0.787537,207.085,502.85,0.269762,95.732082,0.384606,0.329703,-0.002636,-0.000843,0.253646,0.257043,3,False
640451,Hunter Harvey,30,2024,0.255317,0.20063,0.310004,0.042671,0.753619,189.095,414.95,0.267382,106.674454,-3.254928,0.145668,-0.00657,-0.000903,0.253248,0.257387,3,False
670970,Adrian Morejon,26,2024,0.255212,0.199904,0.31052,0.043155,0.719369,203.575,347.75,0.246154,120.632918,26.114578,-0.120659,-0.002057,-0.00046,0.250327,0.260097,3,False
656876,Drew Rasmussen,29,2024,0.255125,0.196769,0.313481,0.045534,0.758724,149.06,426.6,0.250703,112.219866,12.53091,-0.011549,-0.00657,-0.00027,0.244529,0.265721,3,False
605130,Scott Barlow,32,2024,0.254605,0.20346,0.30575,0.039907,0.793692,208.59,521.9,0.272753,102.098562,2.156988,0.238665,-0.010632,-0.000823,0.252155,0.257055,3,False
625643,Reynaldo López,31,2024,0.254532,0.213764,0.295299,0.03181,0.85481,357.07,798.7,0.27526,102.131967,-15.198732,0.250122,-0.010632,-0.00072,0.257119,0.251945,3,False
687847,Marc Church,24,2024,0.254487,0.152969,0.356005,0.079212,0.028641,62.0,4.0,0.25,109.953333,0.0,0.261239,0.000424,-0.000535,0.248085,0.260889,1,False
579328,Yusei Kikuchi,34,2024,0.254435,0.220529,0.28834,0.026456,0.906478,485.89,1314.9,0.272264,101.298313,5.552329,0.247018,-0.009901,-0.000886,0.257178,0.251691,3,False
656427,Jack Flaherty,29,2024,0.254302,0.217923,0.290681,0.028386,0.889986,429.345,1097.45,0.268213,98.129648,1.206273,0.279001,-0.00657,-0.00104,0.254998,0.253606,3,False
681293,Spencer Arrighetti,25,2024,0.25371,0.21143,0.295991,0.032991,0.823281,376.0,632.0,0.27057,100.367957,0.0,0.255558,-0.002057,-0.000535,0.259657,0.247763,1,False
641656,Ian Hamilton,30,2024,0.253644,0.193279,0.31401,0.047102,0.695769,156.225,310.25,0.265592,106.831233,-1.271384,0.135366,-0.00657,-0.001271,0.250191,0.257097,3,False
670950,Trevor Richards,32,2024,0.253493,0.204287,0.302698,0.038394,0.806203,227.235,564.35,0.272349,103.799863,-5.462763,0.210775,-0.010632,-0.000837,0.253253,0.253732,3,False
691172,Yosver Zulueta,27,2024,0.253443,0.170427,0.336458,0.064775,0.337145,94.5,69.0,0.289855,107.907596,0.0,0.252992,-0.002636,-0.000535,0.25584,0.251045,1,False
657240,Julian Merryweather,33,2024,0.253406,0.187784,0.319028,0.051203,0.686778,119.345,297.45,0.27181,114.604466,-13.173613,0.071019,-0.009901,-0.001335,0.256476,0.250337,3,False
665795,Edward Cabrera,27,2024,0.25293,0.210246,0.295614,0.033305,0.851885,305.225,780.25,0.261519,99.523259,-2.314248,0.222312,-0.002636,-0.000896,0.252011,0.253849,3,False
663558,Jovani Morán,28,2023,0.252709,0.185682,0.319735,0.052299,0.552956,150.38,167.8,0.284267,101.042537,-3.564191,0.317141,-0.005273,-0.001128,0.251566,0.253851,2,False
642397,Gregory Soto,30,2024,0.252497,0.200638,0.304357,0.040465,0.781796,206.205,486.05,0.257175,117.346873,-4.015451,-0.033504,-0.00657,-0.000773,0.25135,0.253645,3,False
666200,Jesús Luzardo,27,2024,0.252349,0.208137,0.296561,0.034497,0.863557,255.46,858.6,0.261822,103.028055,-5.99883,0.168687,-0.002636,-0.00115,0.253803,0.250896,3,False
641941,Emilio Pagán,34,2024,0.252331,0.195666,0.308996,0.044214,0.754844,164.97,417.7,0.269093,107.117353,-2.763422,0.147663,-0.009901,-0.000853,0.251592,0.25307,3,False
607237,Amir Garrett,33,2024,0.252258,0.174054,0.330462,0.061021,0.540852,85.58,159.8,0.281289,99.343795,6.359071,0.329478,-0.009901,-0.000619,0.243009,0.261507,3,False
592773,Ryne Stanek,33,2024,0.252101,0.19914,0.305063,0.041324,0.767252,201.12,447.2,0.266771,107.934181,-1.173359,0.124855,-0.009901,-0.000755,0.250712,0.25349,3,False
622554,Seranthony Domínguez,30,2024,0.252095,0.199926,0.304264,0.040706,0.772958,208.185,461.85,0.255819,116.25338,2.210145,-0.029422,-0.00657,-0.00079,0.249861,0.254329,3,False
605447,Jordan Romano,32,2024,0.252082,0.185876,0.318288,0.051659,0.689395,114.91,301.1,0.271504,109.689802,-7.013661,0.127448,-0.010632,-0.00092,0.252575,0.251589,3,False
686613,Hunter Brown,26,2024,0.252055,0.21665,0.28746,0.027626,0.893572,458.7,1139.0,0.257682,102.495059,5.881492,0.155075,-0.002057,-0.001071,0.251538,0.252572,3,False
676604,Tyler Zuber,30,2024,0.251718,0.154365,0.349071,0.075962,0.099562,67.5,15.0,0.266667,114.4824,0.0,0.11614,-0.00657,-0.000535,0.252099,0.251337,1,False
605488,Jeffrey Springs,32,2024,0.251647,0.192644,0.310651,0.046039,0.730197,153.515,367.15,0.277271,101.174347,-14.693642,0.276545,-0.010632,5.1e-05,0.252831,0.250464,3,False
701581,David Festa,25,2024,0.251593,0.193758,0.309429,0.045128,0.671255,198.5,277.0,0.277978,96.728894,0.0,0.355664,-0.002057,-0.000535,0.254066,0.249121,1,False
605177,Andrew Chafin,35,2024,0.251513,0.199212,0.303814,0.040809,0.774318,204.945,465.45,0.281985,95.495063,5.124423,0.394016,-0.016756,-0.00075,0.24818,0.254846,3,False
670280,David Bednar,30,2024,0.251508,0.200564,0.302452,0.03975,0.787154,214.97,501.7,0.259418,107.768821,1.44067,0.089422,-0.00657,-0.00087,0.248498,0.254518,3,False
678061,Ray Kerr,30,2024,0.251251,0.180965,0.321538,0.054843,0.568526,119.075,178.75,0.274406,100.972678,0.285217,0.268968,-0.00657,-0.001101,0.245545,0.256957,3,False
660825,Eduard Bazardo,29,2024,0.251211,0.180689,0.321732,0.055026,0.557549,120.295,170.95,0.268207,103.808031,-0.221274,0.194942,-0.00657,-0.000732,0.245297,0.257124,3,False
670036,Matt Festa,32,2024,0.251207,0.182285,0.320129,0.053778,0.59877,120.245,202.45,0.26772,107.285193,6.998236,0.14172,-0.010632,-0.000213,0.246528,0.255886,3,False
573204,Caleb Thielbar,38,2024,0.251018,0.195091,0.306946,0.043639,0.733692,183.775,373.75,0.274515,113.786214,0.899669,0.092059,-0.016756,-0.000528,0.252604,0.249432,3,False
683003,Jared Jones,23,2024,0.250722,0.204443,0.297001,0.03611,0.787919,312.0,504.0,0.261905,103.78158,0.0,0.159484,0.000424,-0.000535,0.255599,0.245845,1,False
687911,Bryan King,28,2024,0.250668,0.175114,0.326222,0.058953,0.445517,114.5,109.0,0.293578,100.819181,0.0,0.368759,-0.002636,-0.000535,0.252281,0.249055,1,False
518617,Jake Diekman,38,2024,0.250551,0.192352,0.308751,0.045412,0.739422,156.495,384.95,0.27549,115.132088,-8.415071,0.082125,-0.016756,-0.00081,0.253878,0.247224,3,False
554430,Zack Wheeler,35,2024,0.250539,0.218141,0.282937,0.025279,0.915598,521.965,1471.65,0.27741,112.507322,-6.606076,0.119337,-0.016756,-0.000856,0.257845,0.243233,3,False
605280,Clay Holmes,32,2024,0.250382,0.20013,0.300634,0.03921,0.792842,220.32,519.2,0.256837,121.813736,6.422705,-0.076318,-0.010632,-0.000783,0.248596,0.252168,3,False
521230,Liam Hendriks,36,2023,0.250146,0.165373,0.334919,0.066146,0.409944,77.425,94.25,0.334748,113.616202,-13.84967,0.384081,-0.033512,0.000479,0.255673,0.24462,2,False
682120,Tim Herrin,28,2024,0.249975,0.193779,0.306171,0.043848,0.708422,195.76,329.6,0.264563,100.674199,0.505759,0.221374,-0.002636,-0.000894,0.249327,0.250623,2,False
680694,Kyle Bradish,28,2024,0.249938,0.201139,0.298737,0.038077,0.845738,199.575,743.75,0.259025,98.826782,-3.79008,0.22078,-0.002636,-0.001082,0.249169,0.250707,3,False
680570,Grayson Rodriguez,25,2024,0.249856,0.208586,0.291126,0.032202,0.855012,336.4,800.0,0.25925,109.711013,-5.232874,0.063133,-0.002057,-0.001164,0.25434,0.245372,2,False
543056,Danny Coulombe,35,2024,0.24969,0.184046,0.315335,0.051221,0.649648,127.955,251.55,0.278076,109.248529,-7.842157,0.166139,-0.016756,-0.001248,0.249112,0.250269,3,False
682171,Penn Murfee,31,2023,0.249572,0.172285,0.32686,0.060305,0.489348,96.2,130.0,0.278462,113.930992,-2.097374,0.116632,-0.017203,5.3e-05,0.250478,0.248666,2,False
690925,Clayton Beeter,26,2024,0.249436,0.152225,0.346647,0.075851,0.099562,67.5,15.0,0.333333,104.550196,0.0,0.534781,-0.002057,-0.000535,0.242017,0.256855,1,False
663878,Nate Pearson,28,2024,0.249353,0.196135,0.302572,0.041525,0.743971,213.42,394.2,0.253171,109.736714,11.216975,0.032182,-0.002636,-0.000987,0.24816,0.250547,2,False
641329,Bryan Baker,30,2024,0.249242,0.18543,0.313053,0.04979,0.693154,127.845,306.45,0.261707,103.981706,-1.685091,0.155997,-0.00657,-0.000663,0.245793,0.252691,3,False
694037,Daniel Palencia,25,2024,0.24922,0.173756,0.324684,0.058882,0.508586,101.64,140.4,0.254986,112.804434,-8.105147,0.010931,-0.002057,-0.001364,0.251395,0.247045,2,False
669622,Anthony Bender,30,2024,0.249209,0.189001,0.309417,0.046979,0.653009,176.73,255.3,0.254407,117.291419,1.852506,-0.045062,-0.00657,-0.000386,0.250789,0.24763,2,False
666215,Forrest Whitley,27,2024,0.249097,0.153567,0.344627,0.07454,0.128485,70.0,20.0,0.25,112.520638,0.0,0.040914,-0.002636,-0.000535,0.250378,0.247816,1,False
692285,Luis Guerrero,24,2024,0.248913,0.158181,0.339646,0.070796,0.209717,78.0,36.0,0.25,111.797661,0.0,0.023081,0.000424,-0.000535,0.251767,0.24606,1,False
690829,Ben Joyce,24,2024,0.248643,0.1801,0.317185,0.053482,0.557333,133.88,170.8,0.228337,125.771968,12.740436,-0.253759,0.000424,-0.00081,0.249881,0.247404,2,False
641154,Pablo López,29,2024,0.248637,0.216414,0.28086,0.025143,0.917575,519.82,1510.2,0.264402,95.887206,-4.89939,0.297905,-0.00657,-0.000815,0.252596,0.244678,3,False
493603,Adam Ottavino,39,2024,0.248563,0.19703,0.300097,0.04021,0.78383,207.19,491.9,0.274141,108.093605,2.12976,0.158814,-0.016756,-0.000797,0.250098,0.247028,3,False
669111,John McMillon,27,2024,0.248132,0.161487,0.334778,0.067607,0.287725,84.28,54.8,0.324818,97.421809,-13.429721,0.576517,-0.002636,-0.000767,0.243325,0.25294,2,False
656887,Sean Reid-Foley,29,2024,0.247952,0.172846,0.323059,0.058604,0.481145,108.58,125.8,0.297297,92.870615,-2.364365,0.522659,-0.00657,-0.000628,0.240538,0.255367,3,False
641927,Bailey Ober,29,2024,0.247687,0.21233,0.283044,0.027588,0.893207,457.065,1134.65,0.26127,98.107326,-4.164805,0.243723,-0.00657,-0.000934,0.24906,0.246314,3,False
595345,Steven Okert,33,2024,0.247515,0.190098,0.304932,0.044801,0.739721,162.555,385.55,0.256387,112.4711,2.777911,0.01513,-0.009901,-0.000881,0.24502,0.25001,3,False
674444,Steven Cruz,26,2024,0.247497,0.157664,0.33733,0.070095,0.289218,72.72,55.2,0.235507,111.01753,12.318014,-0.056448,-0.002057,-0.001633,0.242593,0.252401,2,False
676508,Ben Casparius,26,2024,0.247435,0.157064,0.337806,0.070514,0.214294,78.5,37.0,0.324324,101.174615,0.0,0.519537,-0.002057,-0.000535,0.244279,0.250591,1,False
622098,Drew Smith,31,2024,0.247085,0.18181,0.312359,0.050932,0.681931,120.685,290.85,0.266632,101.186267,1.335887,0.223842,-0.010632,-0.00104,0.242008,0.252161,3,False
622075,Yency Almonte,31,2024,0.24685,0.178102,0.315597,0.053642,0.637961,110.705,239.05,0.254968,114.309892,-1.997212,-0.010779,-0.010632,-0.001109,0.244341,0.249358,3,False
669302,Logan Gilbert,28,2024,0.246704,0.214877,0.27853,0.024834,0.918706,534.51,1533.1,0.257191,98.661196,-4.630861,0.213098,-0.002636,-0.000781,0.25065,0.242758,3,False
543243,Sonny Gray,35,2024,0.246634,0.212249,0.281018,0.026829,0.905124,457.82,1294.2,0.273335,98.114232,-2.151566,0.304086,-0.016756,-0.00092,0.25035,0.242917,3,False
686580,Justin Slaten,27,2024,0.24658,0.184739,0.308421,0.048253,0.622811,172.0,224.0,0.258929,108.064716,0.0,0.086485,-0.002636,-0.000535,0.250016,0.243144,1,False
657024,Erik Swanson,31,2024,0.246256,0.1896,0.302912,0.044207,0.74546,166.93,397.3,0.268059,97.473829,-2.819887,0.290928,-0.010632,-0.000926,0.243107,0.249406,3,False
682016,William Woods,26,2022,0.246209,0.145573,0.346845,0.078524,0.020222,63.48,2.8,0.25,106.514194,0.0,0.380397,-0.00369,0.000864,0.237215,0.255204,1,False
676440,Tanner Bibee,26,2024,0.246102,0.210141,0.282064,0.02806,0.886635,450.1,1061.0,0.255985,102.36385,1.224067,0.148284,-0.002057,-0.001074,0.249794,0.242411,2,False
680572,Adam Kloffenstein,24,2024,0.245983,0.144635,0.347332,0.079079,0.021636,61.5,3.0,0.0,116.273333,0.0,-0.909569,0.000424,-0.000535,0.256079,0.235888,1,False
455119,Chris Martin,39,2024,0.24589,0.189069,0.302711,0.044336,0.735973,169.815,378.15,0.273701,107.295593,-7.819108,0.16798,-0.016756,-0.000758,0.247857,0.243922,3,False
656464,Kevin Ginkel,31,2024,0.245814,0.195441,0.296188,0.039305,0.782059,225.08,486.8,0.266023,95.333209,-0.390139,0.317405,-0.010632,-0.00092,0.242083,0.249546,3,False
669022,MacKenzie Gore,26,2024,0.245427,0.210751,0.280103,0.027057,0.897539,471.235,1188.35,0.249758,102.653125,4.040442,0.110826,-0.002057,-0.000887,0.244767,0.246088,3,False
453286,Max Scherzer,40,2024,0.244832,0.196743,0.292921,0.037523,0.846367,205.535,747.35,0.274236,104.616509,-4.992223,0.20657,-0.016756,-0.000977,0.25053,0.239134,3,False
656271,Brock Burke,28,2024,0.244547,0.188102,0.300992,0.044043,0.75533,163.48,418.8,0.247612,99.46595,6.626728,0.151441,-0.002636,-0.000735,0.23774,0.251353,3,False
673513,Yuki Matsui,29,2024,0.24449,0.185436,0.303545,0.046079,0.654511,188.5,257.0,0.268482,101.756648,0.0,0.225152,-0.00657,-0.000535,0.247191,0.241789,1,False
663986,Trevor Stephan,29,2023,0.244447,0.186991,0.301903,0.044831,0.665459,204.585,269.85,0.273115,98.431972,-9.230871,0.301899,-0.009207,-0.001115,0.2444,0.244493,2,False
680885,Spencer Schwellenbach,25,2024,0.244194,0.197956,0.290431,0.036078,0.786584,310.0,500.0,0.254,107.047702,0.0,0.071622,-0.002057,-0.000535,0.248664,0.239724,1,False
676714,Brandon Hughes,29,2024,0.24417,0.175401,0.312939,0.053659,0.608044,116.645,210.45,0.261345,100.5537,-4.18858,0.208717,-0.00657,-0.000272,0.239909,0.248431,3,False
676105,Jeff Criswell,26,2024,0.244156,0.165161,0.323152,0.061638,0.390731,103.5,87.0,0.310345,93.521653,0.0,0.575097,-0.002057,-0.000535,0.242755,0.245558,1,False
667427,Zach Jackson,30,2023,0.243815,0.167563,0.320067,0.059498,0.466662,103.87,118.7,0.313816,91.222023,2.46666,0.631339,-0.013141,-0.00036,0.237902,0.249729,2,False
687396,Brent Headrick,27,2024,0.243703,0.157176,0.330229,0.067515,0.380152,73.52,83.2,0.276442,100.589149,1.729433,0.292668,-0.002636,-0.001909,0.239487,0.247918,2,False
595897,Nick Burdi,32,2024,0.243687,0.156983,0.330392,0.067653,0.28472,83.4,54.0,0.266667,110.329643,0.857779,0.112588,-0.010632,-0.000807,0.242772,0.244603,2,False
683175,Connor Phillips,24,2023,0.243661,0.161676,0.325646,0.063971,0.298045,104.16,57.6,0.270833,104.732243,0.0,0.208394,0.000847,-0.002164,0.244516,0.242805,1,False
622786,Jesus Tinoco,30,2024,0.24364,0.17763,0.309651,0.051506,0.585214,143.94,191.4,0.252351,109.273168,1.242274,0.036944,-0.00657,-0.00032,0.24312,0.244161,2,False
680732,Sean Burke,25,2024,0.243539,0.162474,0.324604,0.063253,0.359067,98.0,76.0,0.289474,99.64589,0.0,0.372443,-0.002057,-0.000535,0.243295,0.243783,1,False
650496,J.C. Mejía,28,2023,0.243405,0.15438,0.332431,0.069464,0.207871,83.56,35.6,0.228933,113.038085,-0.125766,-0.10198,-0.005273,-0.001688,0.242808,0.244002,2,False
663542,Bryan Hudson,28,2024,0.243374,0.183592,0.303155,0.046646,0.654862,178.14,257.4,0.257187,100.507622,-6.243329,0.187032,-0.002636,-0.000702,0.242379,0.244368,2,False
661403,Emmanuel Clase,27,2024,0.243272,0.193876,0.292668,0.038543,0.801001,222.605,546.05,0.240546,130.854687,-5.494605,-0.222659,-0.002636,-0.000833,0.245735,0.240809,3,False
682027,Cam Alldred,28,2022,0.243198,0.141825,0.344571,0.079099,0.010215,61.74,1.4,0.25,106.3125,0.0,0.555298,-0.007329,0.000864,0.233025,0.253371,1,False
681808,Chris Vallimont,28,2023,0.24261,0.140914,0.344306,0.079351,0.008768,60.92,1.2,0.5,94.525455,0.0,1.344847,-0.005273,-0.002164,0.201849,0.283371,1,False
671212,Joe Boyle,25,2024,0.242569,0.182877,0.30226,0.046576,0.658855,176.6,262.0,0.248092,105.50064,-5.1754,0.064236,-0.002057,-0.000759,0.241571,0.243566,2,False
519151,Ryan Pressly,36,2024,0.242486,0.190561,0.294411,0.040516,0.775457,204.45,468.5,0.267129,107.097208,-10.242929,0.137352,-0.016756,-0.000904,0.243731,0.24124,3,False
664299,Cristian Javier,28,2024,0.242438,0.193955,0.290921,0.03783,0.849703,196.695,766.95,0.248126,101.757347,0.74667,0.11619,-0.002636,-0.001037,0.241337,0.243539,3,False
668678,Zac Gallen,29,2024,0.24231,0.208211,0.276409,0.026607,0.910406,446.25,1378.5,0.257671,96.39134,-6.396443,0.254273,-0.00657,-0.000881,0.246149,0.238471,3,False
641871,Keynan Middleton,31,2023,0.242057,0.175324,0.30879,0.05207,0.527334,159.935,151.35,0.288404,100.462118,-1.093241,0.346637,-0.017203,-0.001681,0.239037,0.245077,2,False
677161,Zack Kelly,30,2024,0.241998,0.183946,0.300051,0.045297,0.679375,185.145,287.45,0.238128,111.856571,18.55718,-0.073619,-0.00657,-0.000581,0.235644,0.248353,3,False
676130,José Buttó,27,2024,0.241865,0.189607,0.294122,0.040775,0.751133,218.545,409.45,0.2529,91.112265,5.119359,0.329029,-0.002636,-0.000935,0.235264,0.248466,3,False
680891,Jack Neely,25,2024,0.241787,0.149188,0.334386,0.072253,0.171087,74.0,28.0,0.25,108.095102,0.0,0.079209,-0.002057,-0.000535,0.242207,0.241366,1,False
687830,Sawyer Gipson-Long,27,2023,0.24174,0.157658,0.325822,0.065607,0.266148,97.72,49.2,0.317073,99.106667,0.0,0.515182,-0.004693,-0.002164,0.23898,0.2445,1,False
669203,Corbin Burnes,30,2024,0.241682,0.209853,0.27351,0.024835,0.918718,526.935,1533.35,0.251769,112.76973,4.435593,-0.014685,-0.00657,-0.00078,0.244657,0.238706,3,False
701542,Will Warren,26,2024,0.241664,0.166704,0.316625,0.05849,0.447774,115.0,110.0,0.263636,103.227555,0.0,0.184718,-0.002057,-0.000535,0.243193,0.240136,1,False
592426,Luke Jackson,33,2024,0.241595,0.184738,0.298452,0.044364,0.7028,186.08,320.8,0.264339,100.155569,0.851728,0.227865,-0.009901,-0.000971,0.241214,0.241977,2,False
670059,Colin Holderman,29,2024,0.241527,0.187315,0.295739,0.0423,0.750607,190.03,408.3,0.242959,113.244401,-4.347654,-0.064746,-0.00657,-0.000968,0.238601,0.244453,3,False
669796,Jose E. Hernandez,27,2024,0.241325,0.163828,0.318822,0.060469,0.539293,85.88,158.8,0.259446,102.273872,-4.331783,0.174216,-0.002636,-0.001908,0.240771,0.241879,2,False
672391,Kaleb Ort,33,2024,0.241303,0.172549,0.310056,0.053647,0.600719,117.61,204.1,0.244243,109.262749,9.461952,-0.006895,-0.009901,-0.000726,0.234625,0.247981,3,False
608371,Lucas Sims,31,2024,0.241002,0.18568,0.296323,0.043166,0.737251,184.065,380.65,0.246815,112.281864,2.530722,-0.032929,-0.010632,-0.001158,0.236824,0.245179,3,False
613534,Austin Adams,34,2024,0.240917,0.179126,0.302707,0.048214,0.6415,160.675,242.75,0.275592,90.5615,-2.464039,0.456877,-0.009901,-0.000843,0.235908,0.245926,3,False
642016,Daniel Robert,30,2024,0.2407,0.147568,0.333831,0.072668,0.160832,73.0,26.0,0.230769,112.673084,0.0,-0.073849,-0.00657,-0.000535,0.243574,0.237825,1,False
622491,Luis Castillo,32,2024,0.240615,0.207616,0.273615,0.025748,0.91254,489.145,1415.45,0.257763,105.560027,-3.691354,0.109269,-0.010632,-0.000876,0.244489,0.236742,3,False
657514,Brennan Bernardino,33,2024,0.240375,0.184732,0.296017,0.043416,0.726388,186.415,360.15,0.252117,101.023148,10.590022,0.150082,-0.009901,-0.001104,0.233835,0.246915,3,False
676534,Calvin Faucher,29,2024,0.240323,0.184326,0.29632,0.043693,0.716199,188.235,342.35,0.249306,101.09609,-1.914204,0.134844,-0.00657,-0.000733,0.235278,0.245368,3,False
664123,Scott Effross,31,2024,0.240283,0.155397,0.325169,0.066234,0.409687,75.015,94.15,0.251726,114.360088,-10.978846,-0.020028,-0.010632,0.000656,0.245543,0.235023,2,False
594580,Sam Moll,33,2024,0.240208,0.182548,0.297867,0.04499,0.736024,158.625,378.25,0.250892,110.575334,-8.873286,0.009039,-0.009901,-0.000986,0.239731,0.240684,3,False
681432,Luke Little,24,2024,0.2401,0.166723,0.313476,0.057254,0.483515,116.3,127.0,0.277165,92.311631,-10.861584,0.436631,0.000424,-0.000766,0.236949,0.243251,2,False
593576,Héctor Neris,36,2024,0.239619,0.189419,0.289818,0.039169,0.791776,215.585,515.85,0.267229,98.632418,-5.159407,0.265707,-0.016756,-0.000803,0.239605,0.239632,3,False
621139,Brooks Kriske,31,2023,0.23951,0.144228,0.334791,0.074346,0.099562,71.5,15.0,0.24,116.022391,0.0,-0.027696,-0.017203,-0.002164,0.240051,0.238969,1,False
663158,Robert Suarez,34,2024,0.239376,0.185683,0.293069,0.041896,0.741753,202.165,389.65,0.243167,114.864054,3.037213,-0.082176,-0.009901,-0.000566,0.236864,0.241888,3,False
605400,Aaron Nola,32,2024,0.238977,0.207712,0.270242,0.024395,0.920848,545.825,1578.25,0.25373,111.016861,3.909598,0.016155,-0.010632,-0.000776,0.242093,0.235861,3,False
660896,Jorge Alcala,29,2024,0.238939,0.180654,0.297224,0.045478,0.676353,182.35,283.5,0.240917,104.718051,12.452105,0.03583,-0.00657,-0.000777,0.231758,0.24612,3,False
606149,Giovanny Gallegos,33,2024,0.238909,0.176004,0.301813,0.049083,0.698071,128.965,313.65,0.261278,98.429759,-7.119883,0.240575,-0.009901,-0.000882,0.2375,0.240317,3,False
666974,Yennier Cano,31,2024,0.238905,0.186838,0.290971,0.040626,0.769447,204.875,452.75,0.245941,111.108789,-2.622316,-0.024178,-0.010632,-0.001041,0.235439,0.24237,3,False
686993,Justin Sterner,28,2024,0.23885,0.143643,0.334056,0.074287,0.12285,69.5,19.0,0.210526,109.896562,0.0,-0.128127,-0.002636,-0.000535,0.240335,0.237365,1,False
571479,Andrew Bellatti,33,2023,0.238641,0.167345,0.309936,0.05563,0.522257,120.03,148.3,0.285233,101.476774,-0.709897,0.315062,-0.020533,-0.00052,0.236247,0.241034,2,False
669395,Dylan Coleman,28,2024,0.23834,0.158969,0.317712,0.061932,0.545391,77.875,162.75,0.236252,109.642642,-7.522177,-0.05259,-0.002636,-0.000242,0.2385,0.238181,3,False
669459,Kyle Nelson,28,2024,0.238063,0.167828,0.308297,0.054802,0.637186,100.625,238.25,0.24638,99.740703,-4.432917,0.14281,-0.002636,-0.001205,0.233626,0.2425,3,False
622766,Miguel Díaz,30,2024,0.238038,0.144456,0.331621,0.07302,0.22903,65.23,40.3,0.264268,106.396081,-13.879802,0.159859,-0.00657,-0.001675,0.237042,0.239034,3,False
677651,Luis Garcia,28,2023,0.237959,0.175384,0.300534,0.048826,0.684299,135.405,294.05,0.250128,100.359723,-1.71794,0.151705,-0.005273,0.000154,0.236616,0.239301,2,False
641360,Phil Bickford,29,2024,0.237874,0.171079,0.304669,0.052118,0.694122,106.385,307.85,0.243788,108.075896,-6.559976,0.004468,-0.00657,-0.001107,0.236111,0.239636,3,False
681676,Ryan Fernandez,27,2024,0.237844,0.18107,0.294617,0.044299,0.677507,202.5,285.0,0.249123,103.05436,0.0,0.104768,-0.002636,-0.000535,0.240066,0.235622,1,False
592332,Kevin Gausman,34,2024,0.237742,0.205422,0.270061,0.025218,0.915382,509.155,1467.55,0.256175,98.66229,-4.213798,0.206874,-0.009901,-0.000801,0.242321,0.233163,3,False
681217,Chase Silseth,25,2024,0.237604,0.165681,0.309526,0.056119,0.613956,96.775,215.75,0.25029,93.751929,0.991703,0.268517,-0.002057,-0.001243,0.229247,0.24596,3,False
608032,Carlos Estévez,32,2024,0.237462,0.184656,0.290268,0.041203,0.773338,191.085,462.85,0.249973,103.372116,-4.767464,0.10196,-0.010632,-0.00088,0.234355,0.240569,3,False
681464,Frank German,27,2022,0.237458,0.14061,0.334305,0.075568,0.056016,70.005,8.05,0.173913,109.342381,0.0,-0.209438,-0.006749,0.000864,0.23682,0.238096,1,False
640470,Adbert Alzolay,30,2024,0.237038,0.169722,0.304353,0.052525,0.64362,114.5,245.0,0.244286,105.206834,-4.711779,0.047634,-0.00657,-0.00144,0.233541,0.240535,3,False
678495,Randy Rodríguez,25,2024,0.236954,0.175235,0.298673,0.048158,0.619638,170.5,221.0,0.239819,108.728188,0.0,-0.023204,-0.002057,-0.000535,0.239297,0.23461,1,False
596133,Luke Weaver,31,2024,0.23694,0.192542,0.281338,0.034642,0.843233,265.37,729.7,0.249006,92.60823,14.396786,0.277761,-0.010632,-0.001172,0.229681,0.244198,3,False
668941,JoJo Romero,28,2024,0.23652,0.181354,0.291687,0.043045,0.723318,192.665,354.65,0.231637,106.584707,3.296654,-0.042551,-0.002636,-0.000848,0.230485,0.242555,3,False
605154,John Brebbia,35,2024,0.236388,0.18386,0.288917,0.040987,0.764095,200.74,439.4,0.259672,100.117261,-3.730326,0.203113,-0.016756,-0.000572,0.233706,0.239071,3,False
663423,Trent Thornton,31,2024,0.236276,0.184971,0.287582,0.040032,0.762338,221.115,435.15,0.24256,106.517438,6.686692,0.017288,-0.010632,-0.000603,0.230712,0.24184,3,False
592454,Tommy Kahnle,35,2024,0.236137,0.176506,0.295768,0.046529,0.684336,161.01,294.1,0.270996,93.263625,-2.733347,0.381308,-0.016756,-0.001007,0.231804,0.24047,3,False
628711,Julio Urías,28,2023,0.236056,0.190496,0.281615,0.035549,0.79631,305.835,530.35,0.241916,108.282519,-0.798344,-0.010136,-0.005273,-0.000787,0.236335,0.235776,2,False
605397,Joe Musgrove,32,2024,0.235968,0.195387,0.276549,0.031664,0.870065,314.84,908.4,0.246147,106.339006,4.605307,0.037324,-0.010632,-0.000566,0.234094,0.237842,3,False
676282,Joey Cantillo,25,2024,0.235913,0.168376,0.303451,0.052698,0.545772,141.5,163.0,0.269939,92.362449,0.0,0.397581,-0.002057,-0.000535,0.235643,0.236184,1,False
665734,Angel Felipe,27,2023,0.235765,0.148902,0.322628,0.067777,0.220614,89.44,38.4,0.296875,100.359188,0.0,0.407642,-0.004693,-0.002164,0.232844,0.238686,1,False
657006,Justin Steele,29,2024,0.235097,0.198918,0.271275,0.028229,0.895603,398.38,1163.8,0.24463,102.701217,-4.618232,0.082138,-0.00657,-0.000921,0.235609,0.234584,3,False
676617,Riley O'Brien,30,2024,0.235079,0.148065,0.322092,0.067894,0.260346,83.175,47.75,0.237696,106.07326,20.148197,0.023212,-0.00657,-0.000484,0.231481,0.238676,2,False
571510,Matthew Boyd,34,2024,0.234799,0.177537,0.292061,0.04468,0.729767,163.035,366.35,0.257541,92.261957,-1.83717,0.330586,-0.009901,-0.001273,0.230834,0.238764,3,False
686218,Emmet Sheehan,25,2023,0.234787,0.169309,0.300265,0.051091,0.523097,174.08,148.8,0.258065,98.301421,0.0,0.231729,-0.001633,-0.002164,0.234998,0.234576,1,False
608337,Lucas Giolito,30,2023,0.23473,0.195779,0.273681,0.030393,0.841586,449.67,720.7,0.255793,97.012432,1.329905,0.234352,-0.013141,-0.001137,0.234906,0.234554,2,False
663767,Chase Shugart,28,2024,0.234425,0.144565,0.324285,0.070115,0.209717,78.0,36.0,0.222222,108.297324,0.0,-0.08061,-0.002636,-0.000535,0.236501,0.232348,1,False
681806,Andrew Wantz,29,2024,0.234405,0.156415,0.312395,0.060853,0.561057,79.74,173.4,0.236448,104.316763,-2.026738,0.020443,-0.00657,-0.000861,0.228061,0.240749,3,False
543339,Daniel Hudson,38,2024,0.234388,0.177326,0.291451,0.044524,0.685251,190.735,295.35,0.259015,101.650776,0.402847,0.176322,-0.016756,-0.000421,0.23188,0.236897,3,False
676886,Jeremy Beasley,29,2022,0.234042,0.144503,0.323581,0.069865,0.141719,87.84,22.4,0.296875,103.156015,0.0,0.380563,-0.011843,0.000864,0.229529,0.238554,1,False
689958,Andrew Walters,24,2024,0.234006,0.143056,0.324956,0.070966,0.190863,76.0,32.0,0.1875,110.105144,0.0,-0.298709,0.000424,-0.000535,0.236745,0.231267,1,False
660853,Enyel De Los Santos,29,2024,0.234004,0.184346,0.283663,0.038747,0.790036,222.245,510.45,0.244,94.89483,-0.47118,0.209856,-0.00657,-0.000831,0.229006,0.239002,3,False
686972,Cole Waites,27,2023,0.233811,0.138166,0.329457,0.07463,0.115703,67.775,17.75,0.146479,110.817917,-2.300231,-0.521723,-0.004693,-0.000671,0.232868,0.234755,2,False
675627,Michael Grove,28,2024,0.233782,0.180726,0.286837,0.041398,0.765866,190.775,443.75,0.239324,94.19937,0.080323,0.197612,-0.002636,-0.001054,0.227771,0.239792,3,False
640455,Sean Manaea,33,2024,0.233692,0.200026,0.267359,0.026269,0.903645,482.425,1272.25,0.247907,97.23764,0.728149,0.187446,-0.009901,-0.00066,0.234157,0.233228,3,False
656266,J.B. Bukauskas,28,2024,0.233653,0.142892,0.324415,0.070819,0.227713,72.8,40.0,0.255,102.748869,-9.679304,0.166941,-0.002636,-0.001268,0.231852,0.235454,2,False
681892,Kody Funderburk,28,2024,0.233462,0.16773,0.299195,0.051289,0.582405,143.32,189.2,0.229387,108.663149,-5.698495,-0.079309,-0.002636,-0.000778,0.232572,0.234353,2,False
606303,Joel Payamps,31,2024,0.233284,0.182081,0.284487,0.039952,0.783709,203.155,491.55,0.24321,101.324697,0.363656,0.09703,-0.010632,-0.000866,0.228053,0.238515,3,False
621051,Steven Wilson,30,2024,0.233269,0.176066,0.290473,0.044634,0.731346,162.13,369.3,0.234904,108.943719,-8.936561,-0.05636,-0.00657,-0.000831,0.230462,0.236076,3,False
668909,Gavin Williams,25,2024,0.232914,0.185139,0.28069,0.037278,0.798921,246.7,539.0,0.236735,99.362142,5.40409,0.093797,-0.002057,-0.001161,0.230287,0.235542,2,False
624522,Keegan Thompson,30,2024,0.232891,0.174272,0.29151,0.045739,0.732643,147.975,371.75,0.240484,97.735694,-1.913639,0.141927,-0.00657,-0.000225,0.227187,0.238595,3,False
694297,Brandon Pfaadt,26,2024,0.232708,0.197036,0.268381,0.027834,0.881856,465.26,1012.6,0.238396,102.294608,2.721742,0.055011,-0.002057,-0.000942,0.234265,0.231152,2,False
657376,Clarke Schmidt,29,2024,0.232678,0.1906,0.274755,0.032832,0.862645,286.4,852.0,0.237089,105.031679,3.599684,0.006996,-0.00657,-0.001196,0.229192,0.236164,3,False
642701,Dennis Santana,29,2024,0.232665,0.180494,0.284837,0.040708,0.749664,215.425,406.25,0.234092,103.262492,0.953372,0.018238,-0.00657,-0.000348,0.226521,0.23881,3,False
641755,Tyler Kinley,34,2024,0.232559,0.17905,0.286069,0.041752,0.729362,210.56,365.6,0.250684,92.796219,7.830163,0.284495,-0.009901,-0.000605,0.226915,0.238203,3,False
663460,Kris Bubic,27,2024,0.232478,0.173439,0.291518,0.046067,0.73025,145.125,367.25,0.237168,91.38497,5.594871,0.23945,-0.002636,6.7e-05,0.223822,0.241135,3,False
693312,Kyle Nicolas,26,2024,0.232458,0.173541,0.291375,0.045971,0.655913,183.06,258.6,0.228925,106.652825,1.32405,-0.05681,-0.002057,-0.000634,0.230109,0.234807,2,False
664208,Phil Maton,32,2024,0.232423,0.182916,0.281929,0.038629,0.795511,218.775,527.75,0.246234,101.106665,-5.827392,0.116418,-0.010632,-0.000782,0.230625,0.23422,3,False
641482,Nestor Cortes,30,2024,0.232302,0.196925,0.267678,0.027604,0.88885,452.485,1084.85,0.238973,109.978036,-3.020822,-0.049693,-0.00657,-0.000497,0.23295,0.231653,3,False
676477,Garrett Whitlock,29,2024,0.232281,0.17078,0.293781,0.047987,0.729713,126.625,366.25,0.24273,102.227781,-10.948781,0.081686,-0.00657,-0.000931,0.231438,0.233123,3,False
686642,Fraser Ellard,27,2024,0.232065,0.156139,0.307991,0.059243,0.426773,110.5,101.0,0.257426,98.73719,0.0,0.224789,-0.002636,-0.000535,0.232201,0.231929,1,False
666619,Gregory Santos,25,2024,0.231711,0.159182,0.304241,0.056593,0.607931,93.435,210.35,0.220109,109.707819,-3.717267,-0.145852,-0.002057,-0.001838,0.226991,0.236432,3,False
656548,Jordan Holloway,29,2022,0.231512,0.132536,0.330487,0.077228,0.027597,64.785,3.85,0.181818,106.593192,0.0,0.03963,-0.011843,0.000864,0.22753,0.235494,1,False
682243,Bryce Miller,26,2024,0.231422,0.195473,0.26737,0.02805,0.883239,444.22,1026.2,0.236211,104.469792,2.931839,0.010435,-0.002057,-0.001047,0.232919,0.229925,2,False
592848,Zack Weiss,33,2023,0.231391,0.146684,0.316098,0.066095,0.286226,88.64,54.4,0.28125,104.89113,0.812257,0.256582,-0.020533,-0.001073,0.22726,0.235522,2,False
642152,Lou Trivino,33,2022,0.231389,0.160429,0.302349,0.055368,0.392096,168.75,87.5,0.268,116.400423,0.0,0.042181,-0.031165,0.000864,0.23428,0.228498,1,False
669084,DL Hall,26,2024,0.231099,0.171189,0.291008,0.046746,0.663926,165.6,268.0,0.240485,95.952714,-22.363627,0.174875,-0.002057,-0.000714,0.227766,0.234432,3,False
687798,Nick Robertson,26,2024,0.230949,0.153436,0.308461,0.060481,0.466452,93.86,118.6,0.249578,97.327527,-2.759817,0.206011,-0.002057,-0.001409,0.227603,0.234295,2,False
669212,Eli Morgan,29,2024,0.230541,0.17577,0.285311,0.042736,0.762692,170.4,436.0,0.238991,98.172076,-7.289725,0.125983,-0.00657,-0.000918,0.226377,0.234704,3,False
458677,Justin Wilson,37,2024,0.230482,0.168211,0.292752,0.048588,0.611524,164.955,213.55,0.250293,108.782672,1.295838,0.030637,-0.016756,-0.000506,0.23126,0.229703,2,False
678821,Luis Peralta,24,2024,0.230408,0.144153,0.316663,0.067302,0.265353,84.5,49.0,0.285714,94.444778,0.0,0.451544,0.000424,-0.000535,0.227315,0.233502,1,False
570257,Joely Rodríguez,33,2024,0.230247,0.157806,0.302687,0.056523,0.556464,102.62,170.2,0.237074,104.975261,-2.308901,0.013875,-0.009901,-0.000207,0.226534,0.233959,3,False
623474,Jimmy Herget,31,2024,0.230037,0.160093,0.29998,0.054575,0.619958,102.93,221.3,0.237912,102.954707,-4.902018,0.0466,-0.010632,-0.000507,0.224038,0.236035,3,False
658551,Junior Fernández,28,2022,0.229834,0.143353,0.316315,0.067479,0.178117,96.54,29.4,0.166667,113.231155,0.0,-0.463803,-0.007329,0.000864,0.23334,0.226328,1,False
663546,Sean Hjelle,28,2024,0.229775,0.180344,0.279206,0.03857,0.772501,240.865,460.65,0.224465,106.281951,-2.960645,-0.079909,-0.002636,-0.000708,0.224497,0.235053,3,False
676092,Collin Snider,29,2024,0.229645,0.169249,0.290041,0.047126,0.672723,155.485,278.85,0.219831,108.666612,10.000997,-0.136584,-0.00657,-0.000603,0.220969,0.238321,3,False
664285,Framber Valdez,31,2024,0.2296,0.197175,0.262025,0.025301,0.915891,488.925,1477.25,0.241598,105.878838,2.803545,0.018678,-0.010632,-0.000796,0.229898,0.229302,3,False
605195,Kyle Crick,32,2022,0.229576,0.140584,0.318567,0.069438,0.145503,88.71,23.1,0.287879,109.7119,0.0,0.247195,-0.027835,0.000864,0.226666,0.232486,1,False
669711,Greg Weissert,30,2024,0.229566,0.174421,0.284711,0.043028,0.709918,198.4,332.0,0.226054,109.62606,-3.690219,-0.114285,-0.00657,-0.000721,0.224997,0.234135,3,False
676689,Ricky Karcher,27,2023,0.2295,0.129312,0.329688,0.078174,0.017384,61.84,2.4,0.0,110.356842,0.0,-0.654824,-0.004693,-0.002164,0.237983,0.221017,1,False
571948,Hoby Milner,34,2024,0.229493,0.179867,0.279119,0.038722,0.791312,218.64,514.4,0.236781,104.327355,1.060379,0.015835,-0.009901,-0.000755,0.225636,0.23335,3,False
684007,Shota Imanaga,31,2024,0.229455,0.189426,0.269483,0.031233,0.836488,407.0,694.0,0.25072,97.470495,0.0,0.199644,-0.010632,-0.000535,0.233782,0.225127,1,False
676710,Kutter Crawford,29,2024,0.229415,0.195404,0.263426,0.026538,0.897828,482.81,1192.1,0.237354,100.260896,-1.598995,0.080535,-0.00657,-0.00083,0.228517,0.230313,3,False
676684,Will Vest,30,2024,0.229401,0.180021,0.278782,0.038531,0.787786,225.96,503.6,0.235604,94.130857,6.3302,0.177701,-0.00657,-0.000657,0.222006,0.236796,3,False
685107,Anthony Veneziano,27,2024,0.229379,0.14627,0.312488,0.064848,0.324605,89.72,65.2,0.223926,103.164187,8.825306,-0.017362,-0.002636,-0.000715,0.225466,0.233293,2,False
668868,Zack Thompson,27,2024,0.229228,0.16573,0.292725,0.049545,0.690599,123.48,302.8,0.239927,90.810816,-0.829471,0.266519,-0.002636,-0.001242,0.222292,0.236164,3,False
681799,Ethan Roberts,27,2024,0.229224,0.157294,0.301153,0.056125,0.491835,120.33,131.3,0.222011,104.598447,9.685906,-0.061309,-0.002636,-0.000394,0.225557,0.23289,2,False
650382,Darwinzon Hernández,28,2022,0.229194,0.136569,0.32182,0.072273,0.099861,78.705,15.05,0.209302,105.288791,0.0,-0.052495,-0.007329,0.000864,0.227561,0.230827,1,False
542585,José Cisnero,36,2024,0.229154,0.163581,0.294726,0.051165,0.666364,116.695,270.95,0.247463,104.640372,-1.903399,0.071351,-0.016756,-0.001308,0.225344,0.232964,3,False
571760,Andrew Heaney,34,2024,0.228847,0.194296,0.263399,0.02696,0.897364,455.81,1186.1,0.242897,100.893116,-3.268554,0.100016,-0.009901,-0.000935,0.230243,0.227451,3,False
680742,Jonathan Bowlan,28,2024,0.228784,0.135201,0.322367,0.07302,0.157706,69.34,25.4,0.188976,105.199213,1.9225,-0.209814,-0.002636,-0.001074,0.225327,0.232241,2,False
542888,Shawn Armstrong,34,2024,0.228638,0.179656,0.27762,0.03822,0.790974,229.335,513.35,0.236681,108.832421,-9.507631,-0.046822,-0.009901,-0.000673,0.228007,0.229269,3,False
669456,Shane Bieber,30,2024,0.228634,0.173988,0.28328,0.042639,0.825475,142.165,641.65,0.239227,91.624484,-0.81929,0.244013,-0.00657,-0.000743,0.224722,0.232546,3,False
456713,Matt Bush,39,2023,0.228612,0.150206,0.307018,0.061178,0.457057,90.62,114.2,0.279335,113.061069,-9.484585,0.130653,-0.033512,0.0001,0.23304,0.224184,2,False
670167,John Schreiber,31,2024,0.228588,0.175787,0.281389,0.041199,0.762837,193.235,436.35,0.237653,101.320899,-0.245386,0.067137,-0.010632,-0.000704,0.223621,0.233555,3,False
668968,Hans Crouse,26,2024,0.228582,0.153813,0.303352,0.058341,0.440947,113.5,107.0,0.317757,78.391009,0.0,0.928714,-0.002057,-0.000535,0.224974,0.232191,1,False
666129,Braxton Garrett,27,2024,0.22855,0.179599,0.2775,0.038195,0.835086,193.095,686.95,0.231603,100.220858,-6.864925,0.050423,-0.002636,-0.001207,0.226363,0.230736,3,False
641401,Connor Brogdon,30,2024,0.22853,0.151424,0.305636,0.060164,0.542709,83.7,161.0,0.224224,107.265278,-4.453272,-0.08876,-0.00657,-0.000734,0.224968,0.232092,3,False
663462,Isaiah Campbell,27,2024,0.228504,0.14855,0.308457,0.062386,0.445517,85.7,109.0,0.236697,99.803669,1.481189,0.096584,-0.002636,-0.001611,0.224281,0.232726,2,False
669923,George Kirby,27,2024,0.228474,0.196265,0.260682,0.025131,0.912902,513.39,1421.9,0.231205,102.954095,0.544805,0.004434,-0.002636,-0.000869,0.227647,0.2293,3,False
805673,Zebby Matthews,25,2024,0.228464,0.162828,0.294099,0.051214,0.566111,148.5,177.0,0.242938,97.489804,0.0,0.1643,-0.002057,-0.000535,0.228366,0.228561,1,False
669713,Hayden Wesneski,27,2024,0.228419,0.180148,0.27669,0.037664,0.804034,228.86,556.6,0.230596,99.460745,-6.922115,0.057619,-0.002636,-0.001085,0.224995,0.231843,3,False
543238,Anthony Gose,34,2024,0.2284,0.140174,0.316626,0.068841,0.285474,74.22,54.2,0.254613,103.206914,-7.236316,0.149139,-0.009901,0.000296,0.228474,0.228325,2,False
614179,José Ruiz,30,2024,0.22833,0.175263,0.281398,0.041407,0.761837,190.195,433.95,0.228598,100.049954,8.354007,0.037093,-0.00657,-0.000702,0.219928,0.236732,3,False
592155,Cam Booser,33,2024,0.228304,0.163311,0.293297,0.050712,0.57428,151.5,183.0,0.234973,111.664827,0.0,-0.086272,-0.009901,-0.000535,0.23193,0.224678,1,False
663474,Triston McKenzie,27,2024,0.228235,0.182867,0.273602,0.035399,0.825812,260.315,643.15,0.233383,92.728403,-2.798975,0.191201,-0.002636,-8.2e-05,0.225076,0.231394,3,False
658648,Pedro Avila,28,2024,0.228171,0.179885,0.276458,0.037677,0.783623,250.33,491.3,0.236414,89.205512,-4.491311,0.27703,-0.002636,-0.000955,0.222896,0.233447,3,False
656257,Jeff Brigham,33,2023,0.228167,0.158375,0.297959,0.054457,0.49193,137.135,131.35,0.266464,102.475849,-4.724499,0.207601,-0.020533,-0.001349,0.225793,0.230541,2,False
607455,Anthony Banda,31,2024,0.228132,0.169192,0.287072,0.04599,0.671454,171.325,277.25,0.231199,104.483564,0.557942,-0.014517,-0.010632,-0.00042,0.221318,0.234946,3,False
623211,Huascar Brazobán,35,2024,0.228119,0.174667,0.281571,0.041707,0.7561,188.855,420.55,0.247295,105.005103,-11.544474,0.063583,-0.016756,-0.000968,0.226872,0.229365,3,False
477132,Clayton Kershaw,37,2024,0.227934,0.176679,0.279189,0.039993,0.820321,175.135,619.35,0.24889,107.892384,-7.683,0.030827,-0.016756,-0.000971,0.230207,0.225661,3,False
656731,Tylor Megill,29,2024,0.227676,0.184009,0.271343,0.034072,0.846341,269.52,747.2,0.229992,96.193905,14.810594,0.108599,-0.00657,-0.001146,0.21946,0.235892,3,False
669854,Ronel Blanco,31,2024,0.227596,0.189268,0.265924,0.029906,0.858461,412.68,822.8,0.242647,90.245859,-0.054538,0.28884,-0.010632,-0.000785,0.22432,0.230873,3,False
681869,Shawn Dubin,29,2024,0.227383,0.166207,0.28856,0.047735,0.631219,166.02,232.2,0.239449,98.240425,-1.275045,0.130194,-0.00657,-0.000712,0.224105,0.230662,2,False
643338,Chad Green,34,2024,0.227383,0.167846,0.286919,0.046455,0.659625,170.29,262.9,0.232788,104.07773,-1.133246,0.000105,-0.009901,-0.000613,0.222612,0.232153,3,False
647336,Michael Soroka,27,2024,0.227057,0.177211,0.276903,0.038893,0.761858,242.2,434.0,0.233641,93.870789,7.734438,0.172509,-0.002636,-0.000862,0.223259,0.230855,2,False
695549,Jackson Jobe,22,2024,0.226992,0.131597,0.322388,0.074435,0.105499,68.0,16.0,0.125,106.555745,0.0,-0.604229,0.000424,-0.000535,0.227601,0.226384,1,False
681882,Colin Selby,27,2024,0.22698,0.144867,0.309093,0.064071,0.41541,80.84,96.4,0.238589,101.048792,-9.148042,0.088604,-0.002636,-0.001691,0.226567,0.227393,2,False
657097,Jacob Webb,31,2024,0.226972,0.172766,0.281178,0.042295,0.734967,192.42,376.2,0.245082,97.920242,-5.092071,0.163499,-0.010632,-0.001138,0.225796,0.228148,2,False
657265,Peter Strzelecki,30,2024,0.22665,0.154933,0.298366,0.055959,0.591706,98.46,196.6,0.229908,101.276881,-2.421173,0.029139,-0.00657,-0.000977,0.220821,0.232479,3,False
670102,Bowden Francis,29,2024,0.226625,0.179353,0.273898,0.036885,0.783398,272.265,490.65,0.23102,100.191517,-8.779929,0.048192,-0.00657,-0.000803,0.221931,0.231319,3,False
687330,Kevin Kelly,27,2024,0.226449,0.175384,0.277515,0.039845,0.765805,215.56,443.6,0.217764,121.147678,1.43211,-0.284956,-0.002636,-0.001143,0.226428,0.22647,2,False
605242,Michael Fulmer,32,2023,0.22642,0.166593,0.286247,0.046681,0.637719,178.68,238.8,0.252722,103.062201,2.934173,0.123798,-0.021264,-0.000939,0.222661,0.230179,2,False
660813,Brusdar Graterol,26,2024,0.226418,0.156319,0.296516,0.054696,0.648377,95.815,250.15,0.203278,123.960542,-4.077827,-0.390956,-0.002057,-0.001154,0.225407,0.227428,3,False
605463,Tayler Scott,33,2024,0.226297,0.172615,0.279979,0.041887,0.723769,208.345,355.45,0.241243,94.218132,-2.852793,0.20776,-0.009901,-0.000696,0.22089,0.231704,3,False
667755,José Soriano,26,2024,0.226244,0.181812,0.270676,0.034669,0.810176,305.1,579.0,0.225561,107.445873,-4.415485,-0.089963,-0.002057,-0.000848,0.225808,0.226681,2,False
624418,Ryan Castellani,29,2022,0.226224,0.127616,0.324832,0.076941,0.027597,64.785,3.85,0.090909,107.544889,0.0,-0.409731,-0.011843,0.000864,0.227327,0.225121,1,False
621363,Colin Poche,31,2024,0.226216,0.169547,0.282885,0.044217,0.74012,159.835,386.35,0.238126,102.492455,-10.081657,0.052027,-0.010632,-0.000847,0.224398,0.228033,3,False
608331,Max Fried,31,2024,0.226171,0.191624,0.260718,0.026956,0.895066,461.315,1157.15,0.236357,102.846634,2.237181,0.034403,-0.010632,-0.000488,0.224614,0.227728,3,False
571656,Buck Farmer,34,2024,0.226164,0.178286,0.274042,0.037358,0.803309,235.005,554.05,0.23626,96.38702,5.960837,0.140107,-0.009901,-0.000904,0.220754,0.231574,3,False
679346,Edgar Navarro,27,2023,0.226146,0.134911,0.317381,0.071189,0.147115,77.94,23.4,0.230769,103.141733,0.0,0.059247,-0.004693,-0.002164,0.224201,0.228091,1,False
681982,Grant Anderson,28,2024,0.226127,0.16023,0.292025,0.051418,0.61024,129.24,212.4,0.221281,104.528873,2.393097,-0.069245,-0.002636,-0.001244,0.222669,0.229586,2,False
686839,Brendan White,26,2023,0.226099,0.154818,0.297381,0.055619,0.439098,141.42,106.2,0.248588,98.581188,0.0,0.180886,-0.004113,-0.002164,0.225425,0.226774,1,False
689017,Landon Knack,27,2024,0.225853,0.169609,0.282097,0.043886,0.678272,203.0,286.0,0.241259,93.595921,0.0,0.221154,-0.002636,-0.000535,0.226071,0.225635,1,False
670183,Garrett Acton,27,2023,0.225796,0.133037,0.318556,0.072378,0.123983,74.72,19.2,0.15625,108.432581,0.0,-0.435041,-0.004693,-0.002164,0.226792,0.2248,1,False
656008,Aneurys Zabala,28,2022,0.225671,0.127102,0.32424,0.076911,0.027597,64.785,3.85,0.181818,101.925714,0.0,0.108051,-0.007329,0.000864,0.220121,0.231222,1,False
669387,Carmen Mlodzinski,26,2024,0.225588,0.167756,0.283419,0.045124,0.688754,173.62,300.2,0.221186,102.882694,7.461839,-0.047278,-0.002057,-0.00103,0.220963,0.230212,2,False
450203,Charlie Morton,41,2024,0.225534,0.192613,0.258455,0.025687,0.910812,478.94,1385.4,0.251588,98.952617,-1.133465,0.176841,-0.016756,-0.000783,0.231226,0.219842,3,False
676755,Isaac Mattson,29,2024,0.225505,0.132448,0.318562,0.07261,0.144964,71.5,23.0,0.26087,100.4042,0.0,0.253861,-0.00657,-0.000535,0.221978,0.229032,1,False
693433,Bryan Woo,25,2024,0.225478,0.183177,0.26778,0.033007,0.836606,318.26,694.6,0.225741,107.863255,-2.683677,-0.094823,-0.002057,-0.001057,0.225474,0.225483,2,False
667297,Tommy Nance,34,2024,0.225364,0.154582,0.296146,0.055229,0.543632,113.36,161.6,0.241027,100.562704,-0.188177,0.102587,-0.009901,5.9e-05,0.223538,0.227191,2,False
641816,Tyler Mahle,30,2024,0.225224,0.159767,0.29068,0.051074,0.68371,111.725,293.25,0.241773,92.94301,-11.463919,0.235509,-0.00657,-3.5e-05,0.222594,0.227853,3,False
665621,Rony García,27,2022,0.225135,0.151214,0.299057,0.057679,0.347036,149.61,72.1,0.23301,102.838875,0.0,0.035567,-0.006749,0.000864,0.225353,0.224917,1,False
674370,Osvaldo Bido,29,2024,0.225039,0.172299,0.277779,0.041152,0.747026,203.66,400.6,0.229156,103.063188,3.763598,-0.006328,-0.00657,-0.001111,0.221929,0.228148,2,False
592254,José De León,32,2023,0.225009,0.139821,0.310197,0.06647,0.236407,92.2,42.0,0.242857,111.418984,0.0,-0.015547,-0.021264,-0.002164,0.226223,0.223795,1,False
621383,Tanner Banks,33,2024,0.224949,0.177067,0.27283,0.037361,0.799204,238.395,539.95,0.232892,101.880398,-1.55268,0.031097,-0.009901,-0.0008,0.221182,0.228715,3,False
677958,Kumar Rocker,25,2024,0.224881,0.140385,0.309376,0.06593,0.288472,87.5,55.0,0.254545,97.013272,0.0,0.249736,-0.002057,-0.000535,0.223068,0.226693,1,False
679525,Alec Marsh,27,2024,0.224675,0.18422,0.26513,0.031566,0.847378,354.52,753.2,0.231014,92.566599,6.53292,0.180658,-0.002636,-0.000979,0.222789,0.226561,2,False
663855,Jordan Hicks,28,2024,0.224546,0.183154,0.265939,0.032298,0.84579,326.805,744.05,0.223977,110.688091,-19.653764,-0.141723,-0.002636,-0.000737,0.224612,0.224481,3,False
572383,Brian Moran,36,2022,0.224382,0.124563,0.324201,0.077886,0.012736,62.175,1.75,0.0,137.9144,0.0,-0.607349,-0.043413,0.000864,0.243484,0.20528,1,False
656793,Nick Nelson,29,2024,0.224284,0.146877,0.301691,0.060399,0.516812,84.91,145.1,0.233977,96.31522,2.982464,0.136933,-0.00657,0.000363,0.21716,0.231409,3,False
686973,Louis Varland,27,2024,0.224181,0.172213,0.276149,0.040549,0.766329,199.69,444.9,0.22241,97.540537,0.141425,0.043846,-0.002636,-0.00104,0.217125,0.231238,3,False
605121,Justin Anderson,32,2024,0.224027,0.164613,0.28344,0.046359,0.640789,181.0,242.0,0.235537,106.560465,0.0,-0.019245,-0.010632,-0.000535,0.226016,0.222038,1,False
669358,Shane Baz,26,2024,0.22378,0.171208,0.276352,0.041021,0.726277,223.595,359.95,0.220864,102.057229,1.971164,-0.037417,-0.002057,-0.000376,0.220428,0.227132,2,False
688297,Chris Roycroft,28,2024,0.223579,0.155678,0.29148,0.052981,0.53327,137.5,155.0,0.212903,109.045293,0.0,-0.177084,-0.002636,-0.000535,0.225229,0.221929,1,False
506433,Yu Darvish,38,2024,0.223577,0.18264,0.264515,0.031943,0.874495,286.925,945.25,0.244962,102.717366,-4.355091,0.082574,-0.016756,-0.000729,0.225632,0.221523,3,False
682989,Victor Mederos,24,2024,0.223542,0.133589,0.313494,0.070188,0.215203,74.52,37.2,0.182796,103.864272,-8.187717,-0.25112,0.000424,-0.000982,0.221594,0.22549,2,False
663378,Thomas Szapucki,29,2022,0.22312,0.134643,0.311597,0.069036,0.147383,89.145,23.45,0.268657,100.145226,0.0,0.294608,-0.011843,0.000864,0.218727,0.227513,1,False
656849,David Peterson,29,2024,0.223084,0.18487,0.261299,0.029818,0.876646,360.41,964.1,0.230163,91.499875,2.77456,0.195441,-0.00657,-0.000803,0.218774,0.227394,3,False
622772,Jimmy Cordero,33,2023,0.223034,0.146944,0.299124,0.059371,0.368613,120.72,79.2,0.257576,106.546132,0.0,0.109209,-0.020533,-0.002164,0.223852,0.222216,1,False
656550,Grant Holmes,29,2024,0.222883,0.166484,0.279283,0.044007,0.675191,201.0,282.0,0.248227,89.609394,0.0,0.33495,-0.00657,-0.000535,0.222797,0.22297,1,False
663752,Cody Morris,28,2023,0.222807,0.137228,0.308386,0.066775,0.29877,80.98,57.8,0.232699,100.109496,-5.593907,0.081307,-0.005273,-0.00033,0.220188,0.225426,2,False
676428,Brant Hurter,26,2024,0.222735,0.15715,0.288321,0.051175,0.563317,147.5,175.0,0.217143,105.488949,0.0,-0.10503,-0.002057,-0.000535,0.223322,0.222149,1,False
657140,Kyle Wright,29,2023,0.222686,0.165034,0.280337,0.044984,0.721415,157.13,351.3,0.231426,100.835386,-2.417276,0.041391,-0.009207,6.2e-05,0.220461,0.22491,2,False
543859,Michael Tonkin,35,2024,0.222621,0.175305,0.269937,0.036919,0.797722,249.5,535.0,0.242991,101.300245,3.853394,0.095379,-0.016756,-0.001129,0.221736,0.223506,2,False
664054,Cody Stashak,31,2022,0.222567,0.133829,0.311304,0.06924,0.143615,88.275,22.75,0.230769,109.261233,0.0,-0.024928,-0.023773,0.000864,0.22151,0.223623,1,False
660761,José Suarez,27,2024,0.222415,0.172044,0.272786,0.039303,0.786819,206.07,500.7,0.217396,99.860433,3.734579,-0.024268,-0.002636,-0.000405,0.215362,0.229467,3,False
669160,Dustin May,27,2023,0.222388,0.155978,0.288799,0.051818,0.535904,150.465,156.65,0.195021,117.586197,-1.235493,-0.382739,-0.004693,-0.001305,0.22127,0.223507,2,False
519043,Matt Moore,36,2024,0.222356,0.169724,0.274987,0.041067,0.767252,188.72,447.2,0.237142,105.977338,-5.417664,-0.005658,-0.016756,-0.000679,0.220083,0.224628,3,False
689225,Beau Brieske,27,2024,0.222261,0.172722,0.2718,0.038654,0.783813,221.985,491.85,0.216529,100.171829,-0.329942,-0.034319,-0.002636,-0.0005,0.214791,0.22973,3,False
640448,Kyle Finnegan,33,2024,0.222131,0.17342,0.270842,0.038008,0.798503,222.16,537.6,0.227493,102.599189,1.00397,-0.010297,-0.009901,-0.000815,0.217245,0.227017,3,False
689981,River Ryan,26,2024,0.222064,0.143154,0.300973,0.061571,0.373858,100.5,81.0,0.222222,101.302644,0.0,-0.002795,-0.002057,-0.000535,0.222057,0.22207,1,False
605513,Spencer Turnbull,32,2024,0.222009,0.165114,0.278904,0.044393,0.694913,179.7,309.0,0.234304,98.17978,9.460245,0.100937,-0.010632,-0.000994,0.21755,0.226469,2,False
655889,Manuel Rodríguez,28,2024,0.22188,0.155831,0.287929,0.051537,0.567425,140.995,177.95,0.2068,107.160074,2.296782,-0.189932,-0.002636,-0.000378,0.218798,0.224961,2,False
672578,Carlos Hernández,28,2024,0.221815,0.164905,0.278725,0.044406,0.747732,151.81,402.1,0.212509,110.427978,-10.554897,-0.203611,-0.002636,-0.00094,0.21823,0.2254,3,False
668820,Max Kranick,27,2022,0.221808,0.125192,0.318424,0.075387,0.046729,68.265,6.65,0.210526,99.545526,0.0,0.151112,-0.006749,0.000864,0.214854,0.228762,1,False
676272,Bobby Miller,26,2024,0.221576,0.173097,0.270056,0.037827,0.805271,219.3,561.0,0.219964,107.67466,-3.684311,-0.125169,-0.002057,-0.001415,0.220925,0.222228,2,False
661440,Mauricio Llovera,29,2023,0.221478,0.151112,0.291843,0.054905,0.471853,136.12,121.2,0.20132,112.945035,4.472719,-0.29114,-0.009207,-0.001534,0.218963,0.223993,2,False
681857,Reese Olson,25,2024,0.221138,0.179261,0.263015,0.032676,0.841122,317.82,718.2,0.226678,94.641778,-4.415483,0.118201,-0.002057,-0.00111,0.220383,0.221893,2,False
676702,Hunter Stratton,28,2024,0.221087,0.155624,0.28655,0.051079,0.578513,141.82,186.2,0.209452,105.868609,-1.934483,-0.156612,-0.002636,-0.000782,0.218174,0.224,2,False
686539,Declan Cronin,27,2024,0.221055,0.167479,0.274631,0.041804,0.712743,216.06,336.6,0.228164,92.778977,-1.026348,0.163106,-0.002636,-0.000683,0.217171,0.224939,2,False
681402,Gus Varland,28,2024,0.220911,0.152752,0.289069,0.053182,0.565833,123.68,176.8,0.220588,99.403652,-0.209971,0.0075,-0.002636,-0.001105,0.216968,0.224853,2,False
686753,Drey Jameson,27,2023,0.220886,0.152637,0.289134,0.053252,0.505541,143.47,138.7,0.22062,99.85243,8.123954,0.002999,-0.004693,-0.001415,0.215245,0.226527,2,False
642546,Jonathan Hernández,28,2024,0.220786,0.163645,0.277927,0.044586,0.70618,169.405,326.05,0.211164,102.037598,3.019678,-0.093902,-0.002636,-0.000779,0.212742,0.22883,3,False
687014,Nick Avila,27,2024,0.220689,0.136452,0.304926,0.065728,0.288472,87.5,55.0,0.254545,95.073422,0.0,0.283567,-0.002636,-0.000535,0.21848,0.222899,1,False
669199,Lake Bachar,30,2024,0.220667,0.132754,0.308579,0.068596,0.227713,80.0,40.0,0.275,95.507131,0.0,0.384856,-0.00657,-0.000535,0.217443,0.223891,1,False
608723,Austin Voth,33,2024,0.220647,0.170513,0.27078,0.039118,0.786147,209.07,498.7,0.226389,100.797526,-0.822385,0.011678,-0.009901,-0.000415,0.215753,0.22554,3,False
668338,Tyson Miller,29,2024,0.220558,0.163456,0.277661,0.044555,0.683526,183.3,293.0,0.214334,101.236706,18.73664,-0.062185,-0.00657,-0.000655,0.2108,0.230317,3,False
656354,Austin Davis,32,2024,0.220457,0.142247,0.298667,0.061025,0.48035,85.74,125.4,0.226475,101.626601,2.220606,0.008474,-0.010632,0.000496,0.216689,0.224226,2,False
593833,Wander Suero,33,2024,0.220414,0.124573,0.316255,0.074782,0.139541,62.6,22.0,0.245455,95.822103,21.033988,0.256725,-0.009901,-0.00209,0.203539,0.237288,2,False
686751,Seth Johnson,26,2024,0.220283,0.126011,0.314556,0.073559,0.117142,69.0,18.0,0.0,104.69614,0.0,-2.431625,-0.002057,-0.000535,0.205038,0.235529,1,False
690986,Kyle Harrison,23,2024,0.220224,0.177586,0.262861,0.033269,0.820523,334.82,620.2,0.224121,89.930406,-3.511373,0.193568,0.000424,-0.000767,0.218131,0.222316,2,False
666214,Joey Wentz,27,2024,0.220188,0.174492,0.265884,0.035655,0.826546,246.245,646.45,0.218501,96.554486,1.919958,0.037046,-0.002636,-0.001177,0.213676,0.226699,3,False
684320,Yariel Rodríguez,28,2024,0.220101,0.168919,0.271282,0.039936,0.730652,244.0,368.0,0.230978,93.517908,0.0,0.16462,-0.002636,-0.000535,0.22046,0.219742,1,False
656820,Nicholas Padilla,28,2023,0.220077,0.126224,0.31393,0.073231,0.111068,70.895,16.95,0.233038,97.061232,14.185092,0.190207,-0.005273,-0.001601,0.209389,0.230765,2,False
571946,Shelby Miller,34,2024,0.219987,0.164222,0.275752,0.043512,0.710722,183.33,333.3,0.237324,92.058252,-8.094894,0.226727,-0.009901,-0.000969,0.215495,0.224479,3,False
683068,Zach Penrod,28,2024,0.219941,0.126331,0.313551,0.073041,0.128485,70.0,20.0,0.15,104.246824,0.0,-0.423915,-0.002636,-0.000535,0.220088,0.219794,1,False
676917,Cade Cavalli,26,2022,0.21985,0.124167,0.315533,0.074659,0.056016,70.005,8.05,0.26087,95.517,0.0,0.41877,-0.00369,0.000864,0.209646,0.230053,1,False
593423,Frankie Montas,32,2024,0.219825,0.18214,0.25751,0.029405,0.865372,409.2,872.0,0.227408,103.70549,0.770258,-0.028347,-0.010632,-0.000202,0.217293,0.222358,3,False
621366,Ryan Borucki,31,2024,0.219784,0.14776,0.291809,0.056199,0.571659,98.505,181.05,0.221762,102.659841,-1.024834,-0.037859,-0.010632,-0.001055,0.213571,0.225997,3,False
663385,Chad Smith,30,2023,0.219716,0.137436,0.301996,0.064201,0.326449,90.575,65.75,0.204563,106.068955,12.437426,-0.171876,-0.013141,-0.000794,0.213702,0.225729,2,False
663804,Jackson Kowar,28,2023,0.219614,0.147318,0.29191,0.056411,0.44979,125.89,110.9,0.21055,103.747076,-0.455324,-0.113241,-0.005273,-0.00138,0.216109,0.223119,2,False
518489,Ryan Brasier,37,2024,0.219498,0.159778,0.279218,0.046598,0.717675,138.485,344.85,0.234885,104.607824,-6.407097,0.002209,-0.016756,-0.000836,0.217396,0.2216,3,False
676680,Tom Cosgrove,29,2024,0.219489,0.150537,0.288441,0.053802,0.594634,110.3,199.0,0.20804,111.523448,-2.349503,-0.239459,-0.00657,-0.001542,0.217709,0.221269,2,False
650644,Aaron Civale,30,2024,0.219303,0.184558,0.254047,0.02711,0.89314,448.985,1133.85,0.223045,106.090057,-1.998775,-0.087738,-0.00657,-0.000794,0.217372,0.221233,3,False
663947,Tyler Holton,29,2024,0.219238,0.172898,0.265578,0.036158,0.805564,257.805,562.05,0.219731,100.103458,1.554315,-0.015237,-0.00657,-0.001065,0.212704,0.225772,3,False
622259,Trey Wingenter,31,2024,0.218613,0.137483,0.299742,0.063304,0.392368,85.56,87.6,0.219178,102.487608,6.60092,-0.040678,-0.010632,-0.001383,0.213411,0.223814,2,False
663776,Patrick Sandoval,28,2024,0.218242,0.17813,0.258354,0.031298,0.877026,297.95,967.5,0.217726,100.692229,-2.571649,-0.037442,-0.002636,-0.000871,0.215048,0.221436,3,False
656605,Mitch Keller,29,2024,0.218149,0.18673,0.249569,0.024516,0.917487,520.045,1508.45,0.225596,102.241886,-6.486905,-0.016879,-0.00657,-0.000847,0.218438,0.217861,3,False
675989,Cody Bolton,27,2024,0.218086,0.14596,0.290212,0.056278,0.520399,107.92,147.2,0.205163,100.520207,14.621787,-0.099464,-0.002636,-0.001246,0.210298,0.225874,2,False
691441,Cristian Mena,22,2024,0.217875,0.122792,0.312959,0.074191,0.099562,67.5,15.0,0.133333,101.109143,0.0,-0.452266,0.000424,-0.000535,0.216175,0.219576,1,False
665625,Elvis Peguero,28,2024,0.217848,0.164685,0.271011,0.041482,0.749154,191.315,405.15,0.206343,104.655008,3.367617,-0.16312,-0.002636,-0.00105,0.209877,0.225819,3,False
657424,Matt Gage,32,2023,0.217742,0.127598,0.307886,0.070337,0.198985,74.17,33.7,0.267062,101.052891,-4.371733,0.25793,-0.021264,-0.000592,0.211973,0.223511,2,False
656814,Luis Ortiz,29,2024,0.217609,0.129197,0.306021,0.068986,0.319011,67.955,63.55,0.184107,104.623781,-2.431367,-0.276637,-0.00657,-0.001511,0.210733,0.224485,3,False
664139,Ian Gibaut,31,2024,0.217508,0.146825,0.288191,0.055152,0.654335,89.68,256.8,0.23053,100.529323,-13.4437,0.042511,-0.010632,-0.00144,0.216234,0.218783,3,False
543351,Jay Jackson,37,2024,0.217507,0.15006,0.284954,0.052627,0.577397,124.135,185.35,0.245751,95.32587,-4.744348,0.214998,-0.016756,-0.001134,0.212464,0.22255,3,False
657508,Mike Baumann,29,2024,0.21685,0.166813,0.266887,0.039043,0.779634,213.595,479.95,0.213876,101.21477,3.54115,-0.066788,-0.00657,-0.000939,0.209025,0.224675,3,False
621016,Jose Cuas,31,2024,0.216715,0.154757,0.278674,0.048344,0.703061,125.32,321.2,0.222603,97.824367,-0.209005,0.040893,-0.010632,-0.001149,0.208994,0.224437,3,False
669330,Tyler Wells,30,2024,0.216659,0.160023,0.273294,0.044191,0.785589,136.505,497.05,0.220903,96.651502,-0.859765,0.049618,-0.00657,-0.001042,0.211602,0.221716,3,False
670990,Yohan Ramírez,30,2024,0.216614,0.161866,0.271362,0.042718,0.732801,180.405,372.05,0.207499,109.823339,-2.463858,-0.226055,-0.00657,-0.000778,0.210975,0.222252,3,False
659275,Dinelson Lamet,32,2024,0.216602,0.139923,0.293281,0.059831,0.536697,82.915,157.15,0.241489,93.335211,-8.109204,0.230458,-0.010632,-0.000973,0.212169,0.221035,3,False
674003,Cody Bradford,27,2024,0.216602,0.166755,0.266449,0.038894,0.76773,228.04,448.4,0.224353,92.194215,-11.028455,0.151336,-0.002636,-0.001045,0.214941,0.218263,2,False
670090,Wyatt Mills,30,2022,0.216552,0.135961,0.297144,0.062884,0.248255,115.68,44.8,0.203125,107.167245,0.0,-0.183267,-0.015777,0.000864,0.217121,0.215983,1,False
678606,Jose A. Ferrer,25,2024,0.216525,0.151699,0.28135,0.050582,0.612245,133.02,214.2,0.186741,114.656728,9.816231,-0.408489,-0.002057,-0.001183,0.211364,0.221686,2,False
680686,Josiah Gray,27,2024,0.216507,0.163651,0.269362,0.041242,0.835685,146.595,689.95,0.215523,93.422637,3.466095,0.075718,-0.002636,-0.001063,0.20983,0.223183,3,False
663893,Brendon Little,28,2024,0.216466,0.153165,0.279767,0.049392,0.589854,156.71,195.1,0.184521,116.585973,17.784675,-0.442829,-0.002636,-0.00052,0.213386,0.219546,2,False
657053,Touki Toussaint,29,2024,0.216461,0.158732,0.274191,0.045045,0.739547,145.32,385.2,0.22352,91.330807,-0.101117,0.163366,-0.00657,-0.001372,0.208697,0.224226,3,False
664202,Tyler Cyr,32,2023,0.21643,0.121782,0.311077,0.073851,0.144155,64.685,22.85,0.297593,98.92693,-9.611161,0.449349,-0.021264,0.000387,0.209986,0.222873,2,False
621294,Ben Heller,33,2024,0.216354,0.140306,0.292402,0.059338,0.459221,97.92,115.2,0.213542,102.955884,8.341702,-0.085148,-0.009901,-0.001231,0.211729,0.220979,2,False
642629,Emmanuel Ramirez,30,2024,0.216316,0.139728,0.292905,0.05976,0.404112,106.0,92.0,0.228261,98.909757,0.0,0.066808,-0.00657,-0.000535,0.215948,0.216685,1,False
660261,Shintaro Fujinami,31,2023,0.21627,0.158397,0.274143,0.045157,0.612245,224.22,214.2,0.232493,106.974957,0.0,-0.040842,-0.017203,-0.002164,0.216476,0.216065,1,False
608678,Dominic Leone,33,2024,0.21625,0.154072,0.278427,0.048516,0.694019,126.37,307.7,0.219695,101.58831,-3.28115,-0.037231,-0.009901,-0.000928,0.211122,0.221377,3,False
624133,Ranger Suárez,29,2024,0.216187,0.181414,0.25096,0.027132,0.897022,428.57,1181.7,0.221334,97.478494,-2.257376,0.036136,-0.00657,-0.000707,0.213445,0.21893,3,False
656061,Albert Abreu,29,2023,0.21616,0.156682,0.275637,0.046409,0.619638,189.3,221.0,0.225792,99.564699,-11.535114,0.032662,-0.009207,-0.001339,0.213555,0.218765,2,False
666277,George Soriano,26,2024,0.216141,0.154278,0.278005,0.04827,0.663759,139.18,267.8,0.224795,90.412587,-0.291373,0.190778,-0.002057,-0.001367,0.211089,0.221194,2,False
672582,Angel Zerpa,25,2024,0.216002,0.16191,0.270094,0.042207,0.728278,191.96,363.6,0.197057,105.5022,14.778684,-0.231644,-0.002057,-0.000965,0.204952,0.227051,3,False
606160,Rafael Montero,34,2024,0.21597,0.161846,0.270094,0.042232,0.76323,169.33,437.3,0.219415,102.046623,0.688717,-0.047682,-0.009901,-0.000899,0.21073,0.22121,3,False
573009,Joe Mantiply,34,2024,0.215965,0.163847,0.268083,0.040666,0.756843,199.425,422.25,0.215867,105.565803,1.022825,-0.120336,-0.009901,-0.000617,0.210646,0.221284,3,False
623437,Justin Topa,34,2024,0.215915,0.140594,0.291236,0.058771,0.580403,81.965,187.65,0.213163,111.35958,-15.68875,-0.207239,-0.009901,-0.001897,0.217526,0.214304,3,False
543135,Nathan Eovaldi,35,2024,0.215696,0.181689,0.249704,0.026535,0.898675,458.72,1203.2,0.233752,100.543448,-0.415076,0.055096,-0.016756,-0.000817,0.215215,0.216178,3,False
666201,Alek Manoah,27,2024,0.215559,0.163973,0.267145,0.040252,0.822146,163.91,627.1,0.217509,93.416807,-3.289753,0.087742,-0.002636,-0.000568,0.211791,0.219327,3,False
596001,Jakob Junis,32,2024,0.215517,0.168796,0.262238,0.036455,0.825217,225.25,640.5,0.223107,101.33984,-9.417091,-0.016196,-0.010632,-0.00073,0.212314,0.21872,3,False
605347,Jorge López,32,2024,0.215503,0.164309,0.266696,0.039945,0.779973,194.89,480.9,0.217509,108.815889,-4.956521,-0.154968,-0.010632,-0.000772,0.212301,0.218705,3,False
694738,Landen Roupp,26,2024,0.215485,0.154339,0.27663,0.04771,0.615324,168.5,217.0,0.21659,98.397751,0.0,-0.000411,-0.002057,-0.000535,0.214525,0.216444,1,False
657649,Jared Koenig,31,2024,0.215444,0.160752,0.270136,0.042675,0.706751,198.695,326.95,0.216241,101.841166,24.710922,-0.061306,-0.010632,-0.00027,0.208701,0.222187,2,False
663704,James McArthur,28,2024,0.215397,0.1592,0.271595,0.043849,0.689324,188.9,301.0,0.208638,102.016053,1.579901,-0.108262,-0.002636,-0.000828,0.211221,0.219573,2,False
664079,Tyler Jay,31,2024,0.215332,0.126712,0.303952,0.069148,0.209717,78.0,36.0,0.166667,108.336601,0.0,-0.417675,-0.010632,-0.000535,0.216997,0.213667,1,False
673111,José Lopez,26,2023,0.215321,0.117847,0.312795,0.076056,0.042355,64.6,6.0,0.2,97.121961,0.0,0.162176,-0.004113,-0.002164,0.207408,0.223234,1,False
668970,Gavin Hollowell,27,2024,0.215264,0.13287,0.297657,0.06429,0.446873,73.36,109.6,0.209854,99.257734,-10.312622,-0.046884,-0.002636,-0.001765,0.211301,0.219226,3,False
621121,Lance McCullers Jr.,31,2022,0.215029,0.140662,0.289396,0.058027,0.334707,144.825,68.25,0.25641,101.179473,0.0,0.185297,-0.023773,0.000864,0.213199,0.216859,1,False
656641,Jacob Latz,29,2024,0.214868,0.152221,0.277514,0.048882,0.602007,157.32,205.2,0.209552,102.715124,2.928285,-0.110944,-0.00657,-0.00064,0.210487,0.219248,2,False
656186,Dan Altavilla,32,2024,0.214838,0.121903,0.307772,0.072514,0.134049,70.5,21.0,0.238095,99.164635,0.0,0.165323,-0.010632,-0.000535,0.211515,0.21816,1,False
668964,Tobias Myers,26,2024,0.21483,0.171811,0.25785,0.033567,0.807482,344.5,569.0,0.223199,91.228248,0.0,0.162634,-0.002057,-0.000535,0.215508,0.214153,1,False
657697,Vinny Nittoli,34,2024,0.214782,0.130508,0.299057,0.065757,0.29877,84.18,57.8,0.175606,105.203787,12.953874,-0.337997,-0.009901,-0.000721,0.207837,0.221728,3,False
656412,Alex Faedo,29,2024,0.214758,0.164582,0.264934,0.039151,0.782687,207.26,488.6,0.215309,94.607181,3.815009,0.053435,-0.00657,-0.000815,0.206114,0.223402,3,False
670288,Jake Fishman,30,2022,0.214656,0.123771,0.30554,0.070915,0.110193,80.88,16.8,0.125,107.509006,0.0,-0.626373,-0.015777,0.000864,0.214576,0.214736,1,False
448281,Sean Doolittle,38,2022,0.214653,0.118136,0.31117,0.07531,0.042017,67.395,5.95,0.352941,108.582545,0.0,0.609284,-0.050269,0.000864,0.200398,0.228908,1,False
650911,Cristopher Sánchez,28,2024,0.214587,0.179761,0.249414,0.027174,0.885925,466.955,1053.55,0.211523,106.603248,-2.243259,-0.16208,-0.002636,-0.00082,0.211328,0.217847,3,False
668665,Stephen Nogosek,30,2023,0.214578,0.14089,0.288266,0.057497,0.434067,117.605,104.05,0.214801,104.844564,-8.353896,-0.10367,-0.013141,-0.001196,0.212277,0.216879,2,False
650960,Daniel Duarte,28,2024,0.214541,0.13242,0.296662,0.064077,0.427982,76.15,101.5,0.172414,104.930505,6.836284,-0.370776,-0.002636,-0.001777,0.204283,0.224798,3,False
621368,Taylor Hearn,30,2023,0.214494,0.146088,0.2829,0.053376,0.599126,110.675,202.75,0.211837,104.194854,7.007954,-0.119461,-0.013141,0.000183,0.207756,0.221232,2,False
669684,Chris Murphy,27,2023,0.214476,0.146934,0.282018,0.052702,0.483908,157.52,127.2,0.231132,95.245658,0.0,0.14186,-0.004693,-0.002164,0.212763,0.21619,1,False
571710,Mychal Givens,35,2023,0.21444,0.133403,0.295476,0.06323,0.434421,79.22,104.2,0.25,100.149818,4.529332,0.161446,-0.026657,0.00048,0.208636,0.220244,2,False
670426,Phillip Diehl,30,2022,0.21439,0.12004,0.308741,0.073619,0.067373,72.18,9.8,0.107143,105.254,0.0,-0.615706,-0.015777,0.000864,0.213091,0.21569,1,False
657770,Eric Stout,32,2022,0.214382,0.131927,0.296838,0.064338,0.221061,107.85,38.5,0.227273,108.454651,0.0,-0.058327,-0.027835,0.000864,0.213954,0.214811,1,False
642048,Tayler Saucedo,32,2024,0.21437,0.155343,0.273398,0.046058,0.685324,155.945,295.45,0.215942,100.787313,0.708453,-0.046137,-0.010632,-0.001195,0.206914,0.221826,3,False
666204,Dany Jiménez,31,2024,0.214367,0.149636,0.279099,0.050508,0.622968,129.215,224.15,0.220834,97.505716,-2.572941,0.038288,-0.010632,-0.000628,0.207574,0.221161,3,False
552640,Andrew Kittredge,35,2024,0.214143,0.16065,0.267635,0.041739,0.716732,209.125,343.25,0.226948,100.566858,-7.474051,0.019627,-0.016756,-0.000571,0.208873,0.219412,3,False
622103,Gerardo Reyes,32,2024,0.214021,0.125952,0.302089,0.068718,0.275553,72.36,51.6,0.155039,108.740539,-1.932495,-0.523581,-0.010632,-0.001349,0.208584,0.219457,3,False
607179,Jordan Weems,32,2024,0.213948,0.159651,0.268245,0.042367,0.743535,177.73,393.3,0.21701,101.649549,-1.033155,-0.054831,-0.010632,-0.000905,0.208089,0.219807,3,False
642528,Jonathan Loáisiga,30,2024,0.213936,0.135513,0.292358,0.061191,0.494014,81.245,132.45,0.147603,124.748747,2.643286,-0.771411,-0.00657,-0.000294,0.20602,0.221851,3,False
664199,Taylor Clarke,32,2023,0.213819,0.15491,0.272728,0.045965,0.629658,189.465,230.65,0.241925,97.53584,-3.623162,0.155151,-0.021264,-0.001231,0.209696,0.217942,2,False
676766,Nick Snyder,29,2022,0.213771,0.115192,0.31235,0.076919,0.01774,63.045,2.45,0.0,104.202581,0.0,-0.588936,-0.011843,0.000864,0.218843,0.2087,1,False
606965,Chris Devenski,34,2024,0.213751,0.150664,0.276837,0.049225,0.647555,133.725,249.25,0.214243,101.401226,-2.629288,-0.065071,-0.009901,-0.001082,0.20761,0.219891,3,False
680767,Victor Vodnik,25,2024,0.213742,0.161117,0.266368,0.041062,0.718583,222.64,346.4,0.20843,98.98833,2.236406,-0.061417,-0.002057,-0.000659,0.208861,0.218624,2,False
650895,Diego Castillo,31,2024,0.213712,0.138657,0.288768,0.058564,0.517156,91.73,145.3,0.197866,102.189783,20.042886,-0.170799,-0.010632,-6.3e-05,0.202038,0.225387,3,False
656458,Lucas Gilbreath,29,2024,0.213674,0.128444,0.298904,0.066503,0.363428,72.545,77.45,0.221433,98.238515,-10.111572,0.042951,-0.00657,0.000647,0.213059,0.214289,2,False
669674,Sam Long,29,2024,0.213584,0.157453,0.269714,0.043797,0.725613,166.275,358.75,0.208362,101.199183,1.24046,-0.098279,-0.00657,-0.00083,0.205772,0.221395,3,False
661383,Oliver Ortega,28,2023,0.213337,0.134591,0.292083,0.061444,0.397763,94.16,89.6,0.222656,93.354001,8.449721,0.133702,-0.005273,-0.000413,0.205259,0.221416,2,False
641627,Trevor Gott,32,2023,0.213295,0.153791,0.272798,0.046429,0.620383,186.57,221.7,0.237258,101.34156,-10.097841,0.067674,-0.021264,-0.001275,0.210584,0.216005,2,False
671096,Andrew Abbott,26,2024,0.213228,0.17497,0.251486,0.029852,0.86394,380.54,861.4,0.215928,92.811337,3.981823,0.08918,-0.002057,-0.001056,0.210855,0.215601,2,False
608665,Kendall Graveman,34,2023,0.213215,0.156627,0.269803,0.044154,0.664715,199.695,268.95,0.233129,100.735081,1.605226,0.053004,-0.019802,-0.001041,0.209476,0.216953,2,False
600986,Thyago Vieira,32,2024,0.213193,0.148681,0.277706,0.050337,0.57428,149.1,183.0,0.219672,100.432764,-13.056338,-0.015371,-0.010632,-0.000589,0.210232,0.216155,2,False
650893,Génesis Cabrera,28,2024,0.213174,0.163525,0.262823,0.03874,0.780472,216.63,482.3,0.199046,108.728637,2.141616,-0.264782,-0.002636,-0.000823,0.205752,0.220597,3,False
683769,Hunter Gaddis,27,2024,0.213066,0.161329,0.264803,0.040369,0.747309,211.32,401.2,0.204761,97.467753,5.562666,-0.059127,-0.002636,-0.00093,0.203862,0.22227,3,False
679156,Walter Pennington,27,2024,0.21301,0.135187,0.290832,0.060723,0.38241,102.0,84.0,0.202381,100.424357,0.0,-0.105682,-0.002636,-0.000535,0.212374,0.213645,1,False
700363,AJ Smith-Shawver,22,2024,0.212966,0.128945,0.296986,0.065559,0.373858,75.3,81.0,0.197531,93.806799,17.911258,-0.019784,0.000424,-0.001802,0.200465,0.225466,2,False
518876,Merrill Kelly,36,2024,0.212953,0.172714,0.253191,0.031397,0.882062,281.46,1014.6,0.233737,94.798855,-5.153546,0.152805,-0.016756,-0.000843,0.213071,0.212834,3,False
663903,Brady Singer,28,2024,0.212886,0.180868,0.244904,0.024983,0.911692,504.855,1400.55,0.215844,90.817663,1.639921,0.125765,-0.002636,-0.000808,0.210604,0.215169,3,False
673258,Michel Baez,29,2022,0.212878,0.114366,0.311389,0.076866,0.01774,63.045,2.45,0.285714,93.979231,0.0,0.726052,-0.011843,0.000864,0.19556,0.230195,1,False
663989,Nick Vespi,29,2024,0.212393,0.136026,0.288761,0.059588,0.476742,91.96,123.6,0.195793,101.299661,2.870733,-0.167307,-0.00657,-0.000558,0.20456,0.220226,3,False
686654,Ty Adcock,28,2024,0.212321,0.125347,0.299294,0.067863,0.291445,73.98,55.8,0.172043,103.319784,-4.452765,-0.331967,-0.002636,-0.001551,0.210062,0.214579,2,False
593334,Domingo Germán,32,2024,0.212256,0.156728,0.267785,0.043328,0.776272,147.07,470.7,0.226684,90.563111,-6.220777,0.195148,-0.010632,-0.001147,0.207776,0.216737,3,False
657277,Logan Webb,28,2024,0.212233,0.182073,0.242394,0.023534,0.923013,559.045,1626.45,0.212395,109.25398,0.908283,-0.192694,-0.002636,-0.000809,0.211584,0.212883,3,False
657031,Josh Taylor,32,2023,0.212166,0.129872,0.29446,0.064212,0.268522,98.18,49.8,0.313253,91.922874,0.0,0.624767,-0.021264,-0.002164,0.206236,0.218095,1,False
622251,Josh Staumont,31,2024,0.21216,0.146342,0.277978,0.051356,0.615324,122.5,217.0,0.218664,95.623438,-1.230004,0.058745,-0.010632,-0.000539,0.204176,0.220144,3,False
663321,Nick Hernandez,30,2024,0.212147,0.124957,0.299338,0.068032,0.248255,78.08,44.8,0.290179,87.110899,-0.323347,0.616661,-0.00657,-0.000928,0.202911,0.221384,2,False
641672,Thomas Hatch,30,2023,0.212001,0.137162,0.286841,0.058395,0.38936,120.25,86.5,0.196532,106.63957,1.550582,-0.235052,-0.013141,-0.001845,0.208249,0.215754,2,False
664948,Anthony Misiewicz,30,2024,0.211963,0.126596,0.29733,0.06661,0.374868,70.535,81.35,0.187462,97.615578,10.771686,-0.151675,-0.00657,-0.000467,0.198152,0.225774,3,False
669424,Jimmy Lambert,30,2023,0.211802,0.146599,0.277004,0.050876,0.562754,146.26,174.6,0.2311,95.12529,-3.61538,0.140205,-0.013141,-0.000926,0.207171,0.216432,2,False
687922,Easton Lucas,28,2024,0.211715,0.13204,0.291389,0.062168,0.376735,92.6,82.0,0.173171,103.673506,8.51244,-0.342092,-0.002636,-0.000952,0.206591,0.216839,2,False
687377,Orlando Ribalta,27,2024,0.211639,0.11955,0.303728,0.071855,0.144964,71.5,23.0,0.130435,101.970103,0.0,-0.547738,-0.002636,-0.000535,0.210642,0.212636,1,False
666818,Luis Frías,27,2024,0.211546,0.139263,0.28383,0.056401,0.553104,97.99,167.9,0.193568,99.529766,1.025884,-0.156696,-0.002636,-0.001082,0.202196,0.220897,3,False
644364,Víctor Arano,30,2022,0.211471,0.136609,0.286332,0.058413,0.325444,141.345,65.45,0.235294,98.881278,0.0,0.11228,-0.015777,0.000864,0.209687,0.213254,1,False
621107,Zach Eflin,31,2024,0.211448,0.177573,0.245324,0.026432,0.899586,455.135,1215.35,0.220801,101.99131,-5.723449,-0.040692,-0.010632,-0.000974,0.209929,0.212968,3,False
676206,Freddy Tarnok,26,2023,0.211429,0.126346,0.296512,0.066388,0.227933,90.005,40.05,0.218477,95.303588,-5.120662,0.096301,-0.004113,-0.002085,0.20494,0.217919,2,False
677960,Ryan Weathers,25,2024,0.211359,0.164834,0.257884,0.036302,0.795758,259.655,528.55,0.202157,97.556737,8.776004,-0.077424,-0.002057,-0.000991,0.201839,0.220879,3,False
445926,Jesse Chavez,41,2024,0.211211,0.160701,0.26172,0.039411,0.769388,210.86,452.6,0.230446,99.535813,-4.712326,0.054017,-0.016756,-0.00053,0.211116,0.211305,3,False
592741,Chasen Shreve,34,2024,0.211179,0.133565,0.288792,0.06056,0.540697,77.57,159.7,0.232624,91.088104,-1.669776,0.224183,-0.009901,-0.001367,0.204755,0.217602,3,False
670871,Guillo Zuñiga,26,2024,0.211174,0.13253,0.289818,0.061364,0.37328,98.48,80.8,0.178218,103.043836,-20.080705,-0.298145,-0.002057,-0.000632,0.208495,0.213852,2,False
641778,Eric Lauer,30,2023,0.210949,0.156076,0.265822,0.042816,0.725168,180.195,357.95,0.22559,96.553009,-7.086574,0.079478,-0.013141,-0.000207,0.208711,0.213187,2,False
678394,Brayan Bello,26,2024,0.210945,0.177075,0.244816,0.026428,0.898173,460.46,1196.6,0.210137,99.556965,-4.600286,-0.064217,-0.002057,-0.000971,0.20824,0.21365,3,False
686842,McKinley Moore,26,2023,0.210941,0.116611,0.305271,0.073603,0.084986,69.66,12.6,0.095238,101.14186,0.0,-0.712908,-0.004113,-0.002164,0.208296,0.213587,1,False
644429,Anderson Severino,30,2022,0.210911,0.117894,0.303928,0.072579,0.080645,74.79,11.9,0.264706,96.538,0.0,0.378853,-0.015777,0.000864,0.201977,0.219845,1,False
542914,Anthony Bass,37,2023,0.210729,0.139518,0.281941,0.055564,0.523516,110.105,149.05,0.247903,105.429252,-4.016121,0.066256,-0.033512,-0.000209,0.209169,0.21229,2,False
676775,Keaton Winn,27,2024,0.210697,0.156024,0.26537,0.04266,0.715514,189.32,341.2,0.202227,103.594065,-4.657599,-0.171742,-0.002636,-0.001028,0.207122,0.214272,2,False
607755,Andrew Vasquez,31,2023,0.210659,0.144995,0.276322,0.051235,0.516726,162.105,145.05,0.201999,111.573579,2.658677,-0.273661,-0.017203,-0.001879,0.207118,0.214199,2,False
656986,Bennett Sousa,30,2023,0.210575,0.124877,0.296272,0.066868,0.28472,79.0,54.0,0.188889,102.7136,4.784418,-0.212669,-0.013141,-0.00028,0.204904,0.216245,2,False
656492,Foster Griffin,29,2022,0.210454,0.11711,0.303798,0.072834,0.076263,73.92,11.2,0.125,101.462369,0.0,-0.46278,-0.011843,0.000864,0.207889,0.213019,1,False
663432,Tanner Rainey,32,2024,0.210276,0.152899,0.267652,0.044769,0.672683,180.28,278.8,0.205165,104.17679,-3.654604,-0.161938,-0.010632,-0.000328,0.203639,0.216913,3,False
677020,Josh Walker,30,2024,0.210261,0.130401,0.290122,0.062313,0.381847,90.38,83.8,0.217184,95.889795,-2.026331,0.057472,-0.00657,-0.001095,0.205571,0.214952,2,False
640454,Matt Krook,30,2024,0.210261,0.115965,0.304557,0.073577,0.140631,64.62,22.2,0.171171,98.079146,5.80342,-0.198214,-0.00657,-0.001724,0.202393,0.218129,2,False
681810,Austin Warren,29,2024,0.210247,0.127556,0.292938,0.064522,0.340689,83.81,70.1,0.161912,103.045976,8.228526,-0.406239,-0.00657,-0.00013,0.2007,0.219794,3,False
622663,Luis Severino,31,2024,0.210227,0.176452,0.244002,0.026354,0.894724,479.695,1152.95,0.214753,106.317428,7.029267,-0.1395,-0.010632,-0.000717,0.206008,0.214447,3,False
642121,Cole Sulser,35,2024,0.210209,0.136091,0.284326,0.057832,0.493069,99.595,131.95,0.232664,93.960672,2.613332,0.171977,-0.016756,-0.000153,0.201835,0.218582,3,False
594311,Jandel Gustave,32,2022,0.210099,0.128982,0.291216,0.063293,0.236407,112.2,42.0,0.225,106.272189,0.0,-0.044433,-0.027835,0.000864,0.209019,0.211178,1,False
680735,Austin Cox,28,2023,0.210097,0.136633,0.283561,0.057322,0.397228,128.54,89.4,0.221477,96.291288,0.0,0.074064,-0.005273,-0.002164,0.208282,0.211913,1,False
680573,Simeon Woods Richardson,24,2024,0.210079,0.16763,0.252528,0.033122,0.813156,346.64,590.4,0.20503,90.46327,-8.46028,0.070078,0.000424,-0.000559,0.202895,0.217263,3,False
608648,Tyler Duffey,34,2024,0.21001,0.131969,0.28805,0.060893,0.449901,87.895,110.95,0.229383,91.274919,0.746243,0.206649,-0.009901,0.00022,0.201916,0.218103,3,False
622503,Nabil Crismatt,30,2024,0.209986,0.135074,0.284897,0.058451,0.545772,86.7,163.0,0.220552,89.077748,6.421566,0.196203,-0.00657,-8.4e-05,0.200107,0.219864,3,False
612434,Miguel Castro,30,2024,0.209882,0.144825,0.274939,0.050762,0.666118,112.665,270.65,0.20266,101.89677,-3.602471,-0.142393,-0.00657,-0.001266,0.203228,0.216536,3,False
676050,Packy Naughton,29,2023,0.209773,0.123057,0.296489,0.067662,0.305057,72.755,59.55,0.232578,92.275436,5.431339,0.217212,-0.009207,0.000345,0.20106,0.218486,2,False
642578,José Rodríguez,29,2023,0.209721,0.1132,0.306242,0.075313,0.050399,65.52,7.2,0.083333,101.12,0.0,-0.6319,-0.009207,-0.002164,0.207132,0.21231,1,False
656557,Tanner Houck,29,2024,0.209711,0.175432,0.243989,0.026747,0.890853,467.925,1107.25,0.210431,103.038549,3.875179,-0.117445,-0.00657,-0.000835,0.205259,0.214162,3,False
656578,Andre Jackson,29,2023,0.209623,0.146889,0.272357,0.04895,0.554571,179.69,168.9,0.221137,95.456989,-9.894206,0.078396,-0.009207,-0.0019,0.204846,0.2144,2,False
622088,Tejay Antone,31,2024,0.20941,0.116119,0.302702,0.072793,0.148186,66.76,23.6,0.262712,93.904812,-6.213877,0.373025,-0.010632,-0.001405,0.201461,0.217359,2,False
663978,Chris Paddack,29,2024,0.209293,0.160676,0.257909,0.037934,0.760068,256.575,429.75,0.211286,92.672121,-11.014151,0.065772,-0.00657,-0.000479,0.201811,0.216775,3,False
628708,Yunior Marte,30,2024,0.209208,0.149498,0.268919,0.046591,0.696348,141.91,311.1,0.196721,108.416331,-6.861452,-0.27342,-0.00657,-0.00077,0.203934,0.214483,3,False
645261,Sandy Alcantara,29,2023,0.209145,0.171304,0.246986,0.029526,0.849761,441.53,767.3,0.212498,110.222837,-0.428866,-0.203302,-0.009207,-0.00094,0.207823,0.210467,2,False
681347,Mike Burrows,25,2024,0.20907,0.114303,0.303837,0.073944,0.093546,67.0,14.0,0.142857,97.320294,0.0,-0.313435,-0.002057,-0.000535,0.205513,0.212627,1,False
696147,Sam Bachman,25,2023,0.208778,0.125723,0.291833,0.064806,0.254042,95.42,46.2,0.181818,99.468038,0.0,-0.199366,-0.001633,-0.002164,0.207226,0.21033,1,False
694361,Will Klein,25,2024,0.208683,0.121051,0.296315,0.068377,0.218819,79.0,38.0,0.184211,97.814171,0.0,-0.147501,-0.002057,-0.000535,0.206657,0.210709,1,False
668390,Cole Winn,25,2024,0.208541,0.129676,0.287405,0.061536,0.362081,98.5,77.0,0.181818,101.308042,0.0,-0.246348,-0.002057,-0.000535,0.207466,0.209615,1,False
458681,Lance Lynn,38,2024,0.208478,0.172808,0.244147,0.027832,0.896495,381.9,1175.0,0.227234,99.101406,-1.038582,0.041379,-0.016756,-0.000994,0.208764,0.208192,3,False
605155,Colten Brewer,32,2024,0.208163,0.13462,0.281707,0.057384,0.459652,109.54,115.4,0.211438,98.464739,0.136808,-0.02592,-0.010632,-0.000823,0.203695,0.212631,2,False
656322,Sam Coonrod,32,2023,0.208132,0.120574,0.29569,0.068319,0.230778,77.67,40.7,0.191646,105.107243,-0.750479,-0.219848,-0.021264,-0.000654,0.204163,0.2121,2,False
665620,Deivi García,26,2024,0.208096,0.132036,0.284156,0.059348,0.443698,98.02,108.2,0.194085,96.446411,6.892563,-0.094907,-0.002057,-0.00114,0.201035,0.215156,2,False
664351,Luis Contreras,29,2024,0.208078,0.117145,0.299012,0.070953,0.160832,73.0,26.0,0.230769,94.595862,0.0,0.194794,-0.00657,-0.000535,0.203674,0.212483,1,False
665896,José Marte,29,2024,0.207995,0.134754,0.281235,0.057148,0.487612,104.91,129.1,0.181642,101.85667,12.906139,-0.267513,-0.00657,-0.000679,0.19799,0.217999,3,False
663992,Richard Lovelady,29,2024,0.207841,0.14374,0.271942,0.050017,0.601305,139.26,204.6,0.197458,100.776319,11.822519,-0.154672,-0.00657,-0.000994,0.200766,0.214915,2,False
571704,Ken Giles,34,2022,0.207831,0.112014,0.303648,0.074764,0.044379,67.83,6.3,0.333333,97.690448,0.0,0.696248,-0.030434,0.000864,0.191772,0.22389,1,False
669461,Matthew Liberatore,25,2024,0.207828,0.162366,0.25329,0.035473,0.810269,261.135,579.35,0.195737,100.313307,8.753726,-0.163497,-0.002057,-0.000863,0.198053,0.217603,3,False
666720,Yerry Rodríguez,27,2024,0.207755,0.137494,0.278015,0.054822,0.518356,116.6,146.0,0.180479,102.662118,-10.096798,-0.289159,-0.002636,-0.000964,0.200645,0.214864,3,False
592767,Drew Smyly,36,2024,0.207669,0.163902,0.251436,0.03415,0.853295,241.705,789.05,0.218554,97.450198,11.365015,0.020058,-0.016756,-0.001033,0.200317,0.215022,3,False
656794,Sean Newcomb,32,2024,0.207653,0.131719,0.283587,0.05925,0.486448,90.85,128.5,0.210117,95.212457,4.938108,0.021063,-0.010632,-0.000488,0.198347,0.216959,3,False
642657,Cristofer Ogando,31,2022,0.207402,0.111416,0.303389,0.074896,0.042017,67.395,5.95,0.117647,103.375676,0.0,-0.368935,-0.023773,0.000864,0.204134,0.210671,1,False
681035,Christian Scott,26,2024,0.207389,0.144778,0.269999,0.048853,0.592197,158.5,197.0,0.19797,100.28158,0.0,-0.142765,-0.002057,-0.000535,0.205697,0.20908,1,False
547184,Michael Kelly,32,2024,0.20735,0.140567,0.274134,0.05211,0.564998,128.82,176.2,0.187287,108.340419,-3.558195,-0.328137,-0.010632,-0.000885,0.200668,0.214033,3,False
592473,Adam Kolarek,36,2023,0.207328,0.118553,0.296104,0.069269,0.231432,72.885,40.85,0.179927,111.136982,13.431213,-0.373777,-0.033512,-0.000114,0.2011,0.213557,2,False
686747,Joe La Sorsa,27,2024,0.207259,0.136275,0.278243,0.055387,0.542709,105.7,161.0,0.191304,102.17643,-7.877984,-0.212543,-0.002636,-0.001415,0.204266,0.210251,2,False
660730,Elvin Rodríguez,27,2023,0.207121,0.119249,0.294993,0.068565,0.292369,69.605,56.05,0.209634,91.433555,8.926705,0.106158,-0.004693,0.00054,0.1968,0.217442,2,False
665152,Dean Kremer,29,2024,0.207061,0.171847,0.242276,0.027477,0.896353,398.52,1173.2,0.211089,98.895863,-5.714406,-0.048058,-0.00657,-0.000934,0.204452,0.20967,3,False
608379,Michael Wacha,33,2024,0.20701,0.173135,0.240886,0.026432,0.898208,453.705,1197.05,0.213692,98.920573,2.277243,-0.033579,-0.009901,-0.000776,0.20362,0.210401,3,False
664875,Justin Lawrence,30,2024,0.206933,0.159152,0.254715,0.037283,0.799649,225.745,541.45,0.200573,102.979197,2.754451,-0.175229,-0.00657,-0.000951,0.199098,0.214768,3,False
665622,Luis Medina,26,2024,0.206722,0.154737,0.258708,0.040563,0.778573,179.7,477.0,0.200419,102.341101,-2.725638,-0.1654,-0.002057,-0.001549,0.203126,0.210319,2,False
593958,Eduardo Rodriguez,32,2024,0.206712,0.161363,0.252061,0.035385,0.84391,222.945,733.45,0.21542,94.139455,-3.983966,0.060998,-0.010632,-0.001102,0.202164,0.211261,3,False
677865,Justin Bruihl,28,2024,0.206657,0.129688,0.283627,0.060057,0.49804,84.26,134.6,0.169019,104.78463,-1.890715,-0.397608,-0.002636,-0.00105,0.198686,0.214628,3,False
676103,Damon Jones,30,2022,0.206488,0.112319,0.300657,0.073478,0.062863,71.31,9.1,0.192308,97.86381,0.0,0.036389,-0.015777,0.000864,0.200099,0.212876,1,False
663465,Kolby Allard,27,2024,0.206394,0.139445,0.273343,0.052239,0.571659,124.905,181.05,0.206849,89.295747,1.431638,0.110616,-0.002636,-0.000602,0.196734,0.216055,3,False
607625,Seth Lugo,35,2024,0.206371,0.174285,0.238457,0.025036,0.905084,523.76,1293.6,0.223524,97.635597,-1.900336,0.045059,-0.016756,-0.000889,0.205165,0.207577,3,False
668943,Ryan Miller,29,2024,0.20635,0.123706,0.288994,0.064485,0.299494,89.0,58.0,0.189655,99.811318,0.0,-0.164561,-0.00657,-0.000535,0.205235,0.207465,1,False
694646,Chayce McDermott,26,2024,0.206308,0.113052,0.299563,0.072765,0.117142,69.0,18.0,0.166667,95.71561,0.0,-0.164264,-0.002057,-0.000535,0.202495,0.210121,1,False
663568,Stephen Kolek,28,2024,0.206307,0.145052,0.267562,0.047796,0.608666,165.5,211.0,0.184834,109.219749,0.0,-0.356859,-0.002636,-0.000535,0.205804,0.20681,1,False
606625,Reyes Moronta,32,2023,0.206214,0.11952,0.292908,0.067645,0.316953,70.695,62.95,0.230342,98.282164,-1.419304,0.095861,-0.021264,0.000547,0.201048,0.211379,2,False
663436,Davis Martin,28,2024,0.206061,0.150052,0.26207,0.043703,0.698406,179.415,314.15,0.203088,93.351273,1.706142,0.00511,-0.002636,-0.000116,0.20037,0.211753,2,False
472610,Luis García,38,2024,0.205916,0.156747,0.255085,0.038365,0.7882,212.085,504.85,0.215113,109.593401,-7.182306,-0.180112,-0.016756,-0.000801,0.204458,0.207375,3,False
672782,Yoendrys Gómez,25,2024,0.205815,0.122984,0.288646,0.064631,0.302376,87.48,58.8,0.210884,91.985778,-10.439782,0.101774,-0.002057,-0.000668,0.199868,0.211763,2,False
605441,Yacksel Ríos,32,2023,0.205654,0.109962,0.301347,0.074667,0.058309,66.44,8.4,0.142857,102.910323,0.0,-0.305808,-0.021264,-0.002164,0.202079,0.20923,1,False
656222,Jalen Beeks,31,2024,0.205527,0.157894,0.253161,0.037167,0.791408,236.27,514.7,0.209248,97.126177,-2.832007,-0.027647,-0.010632,-0.000662,0.199035,0.212019,3,False
663629,Ethan Small,28,2023,0.205513,0.114309,0.296717,0.071164,0.157444,71.735,25.35,0.238659,89.069089,16.793675,0.343035,-0.005273,-0.000784,0.191702,0.219324,2,False
663362,Matt Waldron,28,2024,0.205338,0.16593,0.244745,0.030749,0.84307,382.88,728.8,0.208013,91.004378,-3.628526,0.076472,-0.002636,-0.000767,0.202737,0.207938,2,False
605135,Chris Bassitt,36,2024,0.205277,0.174171,0.236382,0.024271,0.917782,514.635,1514.35,0.223231,99.213482,0.209731,0.016633,-0.016756,-0.000827,0.205426,0.205127,3,False
656803,James Norwood,31,2022,0.205222,0.120249,0.290196,0.066303,0.179856,96.975,29.75,0.258824,97.266917,0.0,0.284394,-0.023773,0.000864,0.199842,0.210603,1,False
543272,Brad Hand,35,2023,0.205131,0.144684,0.265578,0.047165,0.608553,175.49,210.9,0.230915,100.239252,3.069919,0.04997,-0.026657,-0.001169,0.200146,0.210116,2,False
664944,Cam Vieaux,31,2022,0.205082,0.11482,0.295343,0.070429,0.110193,80.88,16.8,0.3125,93.948599,0.0,0.61505,-0.023773,0.000864,0.193997,0.216166,1,False
641793,Zack Littell,29,2024,0.205065,0.168723,0.241407,0.028357,0.875032,417.39,949.9,0.209548,91.164153,-4.729544,0.08193,-0.00657,-0.000827,0.200531,0.209599,3,False
666207,Riley Pint,27,2024,0.204995,0.11365,0.296341,0.071275,0.155608,71.3,25.0,0.28,86.179175,-2.496392,0.606197,-0.002636,-0.000731,0.193103,0.216887,2,False
673904,Jake Walsh,29,2022,0.20495,0.108741,0.301158,0.075069,0.037258,66.525,5.25,0.333333,89.497333,0.0,0.86515,-0.011843,0.000864,0.185772,0.224127,1,False
621074,Michael Rucker,31,2023,0.204908,0.140951,0.268864,0.049904,0.577923,148.975,185.75,0.223419,95.42702,-2.021723,0.090833,-0.017203,-0.000857,0.199468,0.210348,2,False
554431,Tyler Matzek,34,2024,0.204818,0.127809,0.281828,0.060089,0.453117,90.44,112.4,0.201068,99.295085,-3.482693,-0.101823,-0.009901,0.000266,0.20218,0.207456,2,False
571927,Steven Matz,34,2024,0.204816,0.15463,0.255002,0.039159,0.796767,189.185,531.85,0.208141,98.324444,-0.227059,-0.055253,-0.009901,-0.00117,0.199067,0.210565,3,False
572888,Shane Greene,36,2023,0.204754,0.109591,0.299918,0.074253,0.07971,65.975,11.75,0.212766,103.280548,4.703505,0.019943,-0.033512,-0.000991,0.19571,0.213799,2,False
669724,Brenan Hanifee,27,2024,0.204658,0.134379,0.274937,0.054837,0.496549,121.38,133.8,0.185351,99.1463,-4.900229,-0.200113,-0.002636,-0.000703,0.199513,0.209803,2,False
657044,Ryan Thompson,33,2024,0.204625,0.153323,0.255927,0.040029,0.750447,209.595,407.95,0.191813,120.14644,-2.987002,-0.435567,-0.009901,-0.000608,0.200657,0.208593,3,False
686610,Ken Waldichuk,27,2023,0.204597,0.159456,0.249738,0.035223,0.762067,359.05,434.5,0.208861,92.099383,-8.118285,0.062328,-0.004693,-0.001808,0.200107,0.209087,2,False
622065,Alex Young,31,2024,0.204584,0.139065,0.270103,0.051123,0.648422,112.22,250.2,0.209233,95.598137,-6.17714,0.002552,-0.010632,-0.00123,0.197629,0.211539,3,False
642203,Taylor Widener,30,2022,0.204566,0.119243,0.289889,0.066575,0.174617,95.67,28.7,0.170732,101.835562,0.0,-0.282532,-0.015777,0.000864,0.20281,0.206322,1,False
608638,JT Chargois,34,2024,0.204441,0.144474,0.264407,0.04679,0.67402,146.45,280.5,0.20303,99.664042,-4.692721,-0.105506,-0.009901,-0.000991,0.198243,0.210638,3,False
592351,Jon Gray,33,2024,0.20441,0.166551,0.242268,0.02954,0.882098,337.095,1014.95,0.214887,94.417192,-7.25115,0.051995,-0.009901,-0.000915,0.203084,0.205735,3,False
686790,Trevor McDonald,24,2024,0.204319,0.108556,0.300081,0.074721,0.068653,65.0,10.0,0.1,94.754872,0.0,-0.504518,0.000424,-0.000535,0.199817,0.208821,1,False
543518,Scott McGough,35,2024,0.204196,0.146531,0.261861,0.044995,0.709047,153.06,330.6,0.2317,89.322775,-5.13827,0.248884,-0.016756,-0.001425,0.201697,0.206695,2,False
672335,Cionel Pérez,29,2024,0.204146,0.153725,0.254567,0.039343,0.775308,202.01,468.1,0.195791,103.942083,-3.335285,-0.218851,-0.00657,-0.000806,0.19684,0.211452,3,False
607259,Nick Martinez,34,2024,0.204119,0.167589,0.24065,0.028504,0.880902,388.34,1003.4,0.212129,97.385732,-6.657345,-0.01693,-0.009901,-0.000766,0.201835,0.206403,3,False
700241,Michael McGreevy,24,2024,0.2039,0.12699,0.28081,0.060011,0.387982,103.0,86.0,0.209302,90.932542,0.0,0.103937,0.000424,-0.000535,0.200903,0.206898,1,False
656924,Ryder Ryan,30,2024,0.203811,0.12839,0.279232,0.058849,0.41288,106.74,95.4,0.190776,97.71159,2.557468,-0.135776,-0.00657,-0.000576,0.198496,0.209126,2,False
682227,Brandon Williamson,27,2024,0.203765,0.14255,0.26498,0.047764,0.722725,118.96,353.6,0.200226,98.308414,-5.845776,-0.100671,-0.002636,-0.001892,0.200551,0.206979,2,False
676083,Janson Junk,29,2024,0.203718,0.123342,0.284093,0.062715,0.373135,87.275,80.75,0.183901,96.393522,2.501023,-0.153158,-0.00657,-0.00071,0.19439,0.213045,3,False
656420,J.P. Feyereisen,32,2024,0.203681,0.122988,0.284374,0.062963,0.365364,87.01,78.1,0.227273,93.108673,-14.503161,0.166059,-0.010632,4e-06,0.200968,0.206395,2,False
669372,J.T. Ginn,26,2024,0.203654,0.135177,0.272131,0.053431,0.511417,131.0,142.0,0.204225,93.278846,0.0,0.020647,-0.002057,-0.000535,0.201002,0.206306,1,False
686796,Blake Walston,24,2024,0.203581,0.126147,0.281015,0.06042,0.379585,101.5,83.0,0.216867,89.155277,0.0,0.183855,0.000424,-0.000535,0.200266,0.206896,1,False
682175,Joe Jacques,30,2024,0.203574,0.121022,0.286126,0.064413,0.396692,75.32,89.2,0.156951,107.791044,-1.920779,-0.516998,-0.00657,-0.001872,0.200497,0.206651,2,False
683004,Jack Leiter,25,2024,0.203571,0.138712,0.26843,0.050608,0.560488,146.5,173.0,0.179191,105.249919,0.0,-0.337864,-0.002057,-0.000535,0.201825,0.205318,1,False
669721,Davis Daniel,28,2024,0.203543,0.136482,0.270605,0.052326,0.549093,130.12,165.2,0.202179,91.92651,1.165421,0.031576,-0.002636,-0.000843,0.197218,0.209869,2,False
680739,Josh Winder,28,2024,0.203537,0.134574,0.272501,0.05381,0.62557,97.865,226.65,0.190823,93.986249,1.876983,-0.081215,-0.002636,-0.000549,0.192985,0.214089,3,False
623381,Thomas Pannone,31,2023,0.20334,0.107824,0.298856,0.074529,0.058309,66.44,8.4,0.285714,93.983051,0.0,0.547191,-0.017203,-0.002164,0.190501,0.216179,1,False
663687,Hogan Harris,28,2024,0.203327,0.154688,0.251967,0.037952,0.777993,229.54,475.4,0.19899,97.560208,-1.635067,-0.097217,-0.002636,-0.001119,0.198924,0.20773,2,False
660787,Yerry De los Santos,27,2023,0.203313,0.129229,0.277397,0.057806,0.428223,111.76,101.6,0.195866,95.488659,-4.017265,-0.065931,-0.004693,-0.000996,0.197997,0.208628,2,False
671111,Sammy Peralta,27,2024,0.203256,0.129491,0.277021,0.057557,0.481542,101.4,126.0,0.173016,102.904993,-4.463021,-0.340878,-0.002636,-0.001233,0.198936,0.207576,2,False
670912,Johan Oviedo,27,2023,0.203214,0.162079,0.244348,0.032096,0.803095,427.73,553.3,0.205494,94.711506,-7.981642,-0.007419,-0.004693,-0.0017,0.199445,0.206983,2,False
661527,Seth Martinez,30,2024,0.203189,0.150201,0.256176,0.041345,0.743511,188.125,393.25,0.194024,102.518125,-3.555294,-0.208068,-0.00657,-0.000827,0.19573,0.210647,3,False
669804,Angel De Jesus,28,2022,0.203153,0.113959,0.292347,0.069596,0.122283,83.49,18.9,0.12963,98.198848,0.0,-0.467837,-0.007329,0.000864,0.200241,0.206066,1,False
676831,Kodi Whitley,30,2022,0.203126,0.11469,0.291562,0.069004,0.13211,85.665,20.65,0.20339,97.402815,0.0,0.011115,-0.015777,0.000864,0.198733,0.207519,1,False
696136,Jordan Wicks,25,2024,0.202986,0.146313,0.259658,0.04422,0.688754,174.82,300.2,0.187875,100.144181,7.237087,-0.208048,-0.002057,-0.001014,0.195695,0.210277,2,False
668948,Kirk McCarty,29,2022,0.202876,0.125994,0.279757,0.059989,0.29089,129.165,55.65,0.163522,103.920596,0.0,-0.399287,-0.011843,0.000864,0.201974,0.203778,1,False
671131,Jackson Rutledge,26,2024,0.202868,0.12198,0.283756,0.063115,0.390183,82.28,86.8,0.186636,93.519182,10.335996,-0.085079,-0.002057,-0.001526,0.193432,0.212303,2,False
676660,Jared Solomon,28,2022,0.202865,0.11127,0.29446,0.071469,0.091421,76.965,13.65,0.230769,91.756382,0.0,0.293318,-0.007329,0.000864,0.194871,0.210859,1,False
628317,Kenta Maeda,37,2024,0.202827,0.162212,0.243442,0.031691,0.845395,328.18,741.8,0.22405,91.56865,1.74914,0.158617,-0.016756,-0.001099,0.20217,0.203484,2,False
502083,Zach McAllister,37,2023,0.202702,0.110849,0.294555,0.071671,0.113681,73.34,17.4,0.172414,109.237707,0.0,-0.332976,-0.033512,-0.002164,0.202689,0.202715,1,False
649144,Alex Wells,28,2022,0.20255,0.106727,0.298374,0.074769,0.039643,66.96,5.6,0.375,85.403939,0.0,1.094646,-0.007329,0.000864,0.179982,0.225119,1,False
663738,Daniel Lynch IV,28,2024,0.20251,0.151609,0.253411,0.039717,0.792398,181.38,517.8,0.19718,89.453178,4.754179,0.041222,-0.002636,-0.000389,0.192936,0.212084,3,False
641420,Zack Burdi,30,2023,0.202189,0.108261,0.296117,0.07329,0.081268,69.2,12.0,0.25,93.7744,0.0,0.359743,-0.013141,-0.002164,0.192912,0.211465,1,False
688010,Nate Fisher,29,2022,0.202122,0.105301,0.298942,0.075546,0.027597,64.785,3.85,0.090909,96.558,0.0,-0.240258,-0.011843,0.000864,0.198388,0.205855,1,False
678692,Ronny Henriquez,25,2024,0.20206,0.126476,0.277645,0.058977,0.423117,102.75,99.5,0.182412,94.778595,9.686841,-0.138315,-0.002057,-0.000289,0.194476,0.209645,2,False
434378,Justin Verlander,42,2024,0.201956,0.163801,0.240112,0.029772,0.88367,321.45,1030.5,0.218486,107.598734,1.542147,-0.136553,-0.016756,-0.000853,0.203727,0.200185,3,False
620454,José Castillo,29,2023,0.201935,0.1048,0.29907,0.075792,0.037941,62.935,5.35,0.065421,96.928207,-16.916467,-0.565133,-0.009207,-0.001173,0.197796,0.206073,2,False
668754,Braden Bristo,30,2023,0.201561,0.110016,0.293106,0.07143,0.117142,73.8,18.0,0.166667,98.872456,0.0,-0.219007,-0.013141,-0.002164,0.197932,0.20519,1,False
544365,Manny Banuelos,34,2022,0.201545,0.126136,0.276954,0.05884,0.311056,136.125,61.25,0.24,100.426212,0.0,0.113223,-0.030434,0.000864,0.199332,0.203758,1,False
663658,Thaddeus Ward,28,2023,0.201538,0.129695,0.273381,0.056057,0.414401,133.6,96.0,0.1875,99.374604,0.0,-0.184227,-0.005273,-0.002164,0.199555,0.203522,1,False
676265,Cory Abbott,29,2023,0.201532,0.137983,0.265082,0.049586,0.577463,151.74,185.4,0.214401,89.78006,-0.174818,0.14536,-0.009207,-0.000929,0.194943,0.208121,2,False
814005,Jake Bloss,24,2024,0.201521,0.118527,0.284515,0.064758,0.288472,87.5,55.0,0.2,91.53166,0.0,0.048272,0.000424,-0.000535,0.198175,0.204868,1,False
680880,Grant Holman,25,2024,0.2013,0.122114,0.280486,0.061787,0.349852,96.5,73.0,0.219178,89.022268,0.0,0.202231,-0.002057,-0.000535,0.197551,0.205048,1,False
621199,Matt Bowman,34,2024,0.201201,0.132557,0.269846,0.053561,0.514912,127.2,144.0,0.179167,106.389744,-1.449349,-0.352953,-0.009901,-0.000671,0.197981,0.204422,2,False
680730,Mitchell Parker,25,2024,0.201197,0.160792,0.241602,0.031527,0.826447,383.0,646.0,0.205882,88.964529,0.0,0.104671,-0.002057,-0.000535,0.200486,0.201908,1,False
658431,Adonis Medina,28,2022,0.201079,0.119345,0.282813,0.063775,0.221061,107.85,38.5,0.154545,99.110316,0.0,-0.368496,-0.007329,0.000864,0.199095,0.203062,1,False
700249,Cade Povich,25,2024,0.200999,0.149718,0.252281,0.040014,0.721815,236.0,352.0,0.196023,97.269215,0.0,-0.109007,-0.002057,-0.000535,0.198624,0.203374,1,False
672911,Jesus Cruz,30,2022,0.200974,0.109511,0.292438,0.071367,0.091421,76.965,13.65,0.153846,98.193129,0.0,-0.253139,-0.015777,0.000864,0.196749,0.205199,1,False
663372,Ryan Feltner,28,2024,0.20095,0.165165,0.236735,0.027922,0.876455,433.04,962.4,0.197631,93.618158,-1.686966,-0.037728,-0.002636,-0.000522,0.19526,0.206639,3,False
641540,Dane Dunning,30,2024,0.20094,0.163738,0.238141,0.029027,0.889231,337.305,1089.05,0.20472,90.446088,-1.09479,0.06619,-0.00657,-0.000881,0.196126,0.205753,3,False
641743,Anthony Kay,30,2023,0.200885,0.11703,0.284741,0.06543,0.241106,90.71,43.1,0.177494,98.982895,6.691409,-0.216869,-0.013141,-0.001918,0.194488,0.207283,2,False
669165,Kyle Hurt,27,2024,0.200872,0.111402,0.290341,0.069811,0.184049,73.86,30.6,0.156863,94.755968,-5.58057,-0.261034,-0.002636,-0.000727,0.194714,0.207029,2,False
676637,Phoenix Sanders,30,2022,0.20081,0.112225,0.289395,0.069121,0.128205,84.795,19.95,0.210526,95.775814,0.0,0.081601,-0.015777,0.000864,0.195559,0.206062,1,False
686730,Carson Spiers,27,2024,0.200561,0.15321,0.247912,0.036947,0.76773,268.84,448.4,0.194469,96.485186,-2.681144,-0.106761,-0.002636,-0.000675,0.195338,0.205784,2,False
690544,Bailey Horn,27,2024,0.200459,0.124117,0.276801,0.059568,0.393455,104.0,88.0,0.147727,105.694636,0.0,-0.55657,-0.002636,-0.000535,0.199178,0.20174,1,False
502171,Alex Cobb,37,2024,0.200424,0.148964,0.251885,0.040153,0.831711,151.845,670.45,0.210978,99.178588,2.144353,-0.053522,-0.016756,-0.001016,0.194803,0.206046,3,False
656234,Jake Bird,29,2024,0.200335,0.149117,0.251552,0.039964,0.782286,182.745,487.45,0.188532,103.83004,3.069351,-0.263916,-0.00657,-0.001087,0.190554,0.210115,3,False
671106,Logan Allen,26,2024,0.200226,0.159214,0.241238,0.032001,0.847549,308.22,754.2,0.199417,92.466804,0.166996,-0.004172,-0.002057,-0.001231,0.196291,0.20416,2,False
665871,Javier Assad,27,2024,0.200163,0.163992,0.236333,0.028223,0.876803,411.75,965.5,0.197721,91.806343,-2.206286,-0.002943,-0.002636,-0.000906,0.194276,0.20605,3,False
673929,Jordan Leasure,26,2024,0.200121,0.131837,0.268405,0.05328,0.511417,131.0,142.0,0.183099,98.404472,0.0,-0.203264,-0.002057,-0.000535,0.197549,0.202693,1,False
672710,Roansy Contreras,25,2024,0.200099,0.154687,0.245511,0.035434,0.820949,241.4,622.0,0.191479,93.868216,3.971776,-0.079918,-0.002057,-0.000689,0.191097,0.209101,3,False
656786,Parker Mushinski,29,2024,0.199988,0.122414,0.277562,0.060529,0.428945,90.19,101.9,0.14524,108.551801,-13.57867,-0.619193,-0.00657,-0.001053,0.194556,0.20542,3,False
623433,Nick Anderson,34,2024,0.199972,0.138424,0.261521,0.048025,0.636554,144.96,237.6,0.212963,90.986063,-3.567581,0.110427,-0.009901,-0.001115,0.195843,0.204102,2,False
669214,Conner Menez,30,2022,0.199962,0.102021,0.297903,0.076421,0.012736,62.175,1.75,0.2,93.470833,0.0,0.559507,-0.015777,0.000864,0.188651,0.211273,1,False
663975,Nick Duron,29,2022,0.199802,0.101652,0.297951,0.076584,0.010215,61.74,1.4,0.25,90.25875,0.0,0.824642,-0.011843,0.000864,0.183409,0.216195,1,False
668984,Casey Legumina,28,2024,0.199674,0.119833,0.279514,0.062297,0.381283,87.16,83.6,0.162679,99.807728,-5.953987,-0.355404,-0.002636,-0.001248,0.195499,0.203849,2,False
647315,Zach Pop,28,2024,0.199629,0.142919,0.256338,0.044249,0.68685,173.355,297.55,0.168543,111.01982,-4.01284,-0.493361,-0.002636,-0.000461,0.191183,0.208075,3,False
592826,Vince Velasquez,33,2023,0.199616,0.136833,0.262399,0.048988,0.606224,145.685,208.85,0.22193,93.928194,-1.714872,0.108182,-0.020533,-0.000545,0.194208,0.205024,2,False
592858,Rowan Wick,32,2022,0.199614,0.132625,0.266604,0.05227,0.431339,187.89,102.9,0.234694,97.372138,0.0,0.126207,-0.027835,0.000864,0.196621,0.202608,1,False
663773,Bryan Hoeing,28,2024,0.199564,0.147052,0.252076,0.040974,0.753081,185.375,413.75,0.185861,100.539489,-4.328834,-0.229884,-0.002636,-0.001181,0.191472,0.207656,3,False
681885,Evan Lee,28,2022,0.199435,0.108745,0.290125,0.070763,0.099861,78.705,15.05,0.162791,93.980364,0.0,-0.136014,-0.007329,0.000864,0.194399,0.204472,1,False
657272,Erich Uelmen,29,2023,0.199398,0.110602,0.288194,0.069285,0.259337,67.95,47.5,0.167368,99.4446,-11.243851,-0.296162,-0.009207,0.000558,0.198449,0.200347,2,False
663455,Konnor Pilkington,27,2023,0.199341,0.116874,0.281809,0.064347,0.412117,72.71,95.1,0.196635,89.760983,5.520136,0.047975,-0.004693,0.000711,0.190065,0.208618,2,False
608334,Carson Fulmer,31,2024,0.199335,0.150229,0.24844,0.038316,0.747872,251.84,402.4,0.210239,88.460368,8.365561,0.141938,-0.010632,-0.00063,0.193445,0.205225,2,False
664141,JT Brubaker,31,2022,0.1993,0.14632,0.252281,0.041339,0.625001,341.01,226.1,0.227554,94.015786,0.0,0.138321,-0.023773,0.000864,0.196288,0.202312,1,False
665665,Reiver Sanmartin,29,2023,0.199287,0.126144,0.27243,0.057072,0.492405,101.16,131.6,0.184271,98.779901,1.816184,-0.201156,-0.009207,-0.000102,0.192655,0.20592,2,False
694462,Hurston Waldrep,23,2024,0.199217,0.111725,0.28671,0.068268,0.209717,78.0,36.0,0.083333,101.002556,0.0,-1.023121,0.000424,-0.000535,0.19533,0.203104,1,False
660623,Huascar Ynoa,27,2022,0.199174,0.107497,0.290851,0.071533,0.087141,76.095,12.95,0.216216,90.671701,0.0,0.245986,-0.006749,0.000864,0.190995,0.207353,1,False
670174,Josh Winckowski,27,2024,0.19915,0.155307,0.242994,0.03421,0.830945,261.08,666.8,0.186863,104.363211,-3.814776,-0.283467,-0.002636,-0.000841,0.191411,0.20689,3,False
665001,Trevor Kelley,32,2023,0.199113,0.120496,0.27773,0.061343,0.367582,95.485,78.85,0.185796,102.89544,7.943225,-0.246751,-0.021264,-0.000726,0.192131,0.206094,2,False
656848,Michael Petersen,31,2024,0.199086,0.123178,0.274993,0.059229,0.398831,105.0,90.0,0.155556,109.00573,0.0,-0.543612,-0.010632,-0.000535,0.19882,0.199352,1,False
694813,Gavin Stone,26,2024,0.199026,0.158493,0.23956,0.031628,0.831867,359.12,671.2,0.192491,98.32428,6.09383,-0.152138,-0.002057,-0.000757,0.193925,0.204128,2,False
571882,Derek Law,34,2024,0.198991,0.15321,0.244772,0.035722,0.799575,260.12,541.2,0.201312,96.192976,-3.078952,-0.060526,-0.009901,-0.000885,0.192626,0.205356,3,False
596057,Daniel Norris,32,2023,0.198974,0.124783,0.273165,0.057889,0.480151,97.73,125.3,0.237031,91.359573,-8.957245,0.24595,-0.021264,-4.9e-05,0.195043,0.202904,2,False
696131,Mason Black,25,2024,0.198915,0.133865,0.263966,0.050757,0.554717,144.5,169.0,0.183432,98.206323,0.0,-0.199922,-0.002057,-0.000535,0.195959,0.201871,1,False
669618,Joe Barlow,29,2023,0.198909,0.118127,0.279691,0.063032,0.363577,85.35,77.5,0.172903,100.470656,-8.24629,-0.293129,-0.009207,-0.000167,0.195972,0.201846,2,False
642239,Rob Zastryzny,33,2024,0.198891,0.118496,0.279286,0.06273,0.406199,80.88,92.8,0.162177,103.581715,-4.067115,-0.421284,-0.009901,-0.001472,0.192528,0.205254,3,False
641907,Patrick Murphy,30,2022,0.198836,0.106664,0.291007,0.071919,0.080645,74.79,11.9,0.117647,98.279034,0.0,-0.477071,-0.015777,0.000864,0.194742,0.20293,1,False
621244,José Berríos,31,2024,0.198823,0.168117,0.229529,0.023959,0.918001,526.275,1518.75,0.20777,95.062438,-1.358434,-0.002562,-0.010632,-0.000796,0.196392,0.201254,3,False
641853,David McKay,30,2022,0.198736,0.106219,0.291252,0.072188,0.076263,73.92,11.2,0.09375,98.789128,0.0,-0.656852,-0.015777,0.000864,0.194701,0.202771,1,False
663623,Jake Irvin,28,2024,0.198729,0.164785,0.232673,0.026486,0.889045,476.3,1087.0,0.19816,98.139594,1.570693,-0.114466,-0.002636,-0.001012,0.196633,0.200825,2,False
518813,Greg Holland,39,2022,0.198721,0.103981,0.293462,0.073923,0.049068,68.7,7.0,0.25,106.51575,0.0,0.213295,-0.050269,0.000864,0.191279,0.206163,1,False
641302,Tyler Alexander,30,2024,0.198682,0.157409,0.239956,0.032204,0.840158,313.305,713.05,0.193184,100.191363,2.196051,-0.179172,-0.00657,-0.00049,0.19091,0.206455,3,False
643256,Adam Cimber,34,2024,0.198203,0.136157,0.260248,0.048413,0.662714,129.455,266.55,0.174451,115.002279,-4.671255,-0.497815,-0.009901,-0.000345,0.192917,0.203488,3,False
664161,Matt Swarmer,31,2022,0.19814,0.120945,0.275336,0.060234,0.283019,126.555,53.55,0.235294,95.541521,0.0,0.174258,-0.023773,0.000864,0.194106,0.202175,1,False
519293,Will Smith,35,2024,0.198102,0.144912,0.251292,0.041503,0.752721,175.695,412.95,0.205231,99.788647,-3.762713,-0.09629,-0.016756,-0.000761,0.191894,0.204309,3,False
608717,Chris Stratton,34,2024,0.19809,0.150575,0.245606,0.037075,0.804274,218.545,557.45,0.203785,92.187272,-4.859599,0.027808,-0.009901,-0.000883,0.192228,0.203953,3,False
542882,Matt Andriese,35,2024,0.198045,0.107852,0.288239,0.070375,0.160832,73.0,26.0,0.269231,91.6025,0.0,0.442849,-0.016756,-0.000535,0.192229,0.203862,1,False
674285,Eduardo Salazar,27,2024,0.197981,0.131503,0.264459,0.051871,0.555593,130.16,169.6,0.176887,97.474481,6.702799,-0.231573,-0.002636,-0.000887,0.190451,0.205511,2,False
683409,Angel Chivilli,22,2024,0.197923,0.128599,0.267248,0.054092,0.49505,126.5,133.0,0.210526,85.24438,0.0,0.220972,0.000424,-0.000535,0.194003,0.201843,1,False
641835,Tim Mayza,33,2024,0.197862,0.144288,0.251436,0.041802,0.742684,177.155,391.55,0.192057,103.46272,-7.710307,-0.235314,-0.009901,-0.00083,0.191637,0.204088,3,False
671345,Jason Foley,29,2024,0.19779,0.148917,0.246662,0.038134,0.788316,210.52,505.2,0.186164,107.911912,-6.788897,-0.33687,-0.00657,-0.000821,0.190887,0.204692,3,False
476595,Lucas Luetge,38,2023,0.197729,0.12391,0.271548,0.057599,0.48322,98.685,126.85,0.23177,101.573609,-5.906454,0.037789,-0.033512,-6.7e-05,0.195811,0.199647,2,False
669620,Brady Basso,27,2024,0.197727,0.122419,0.273034,0.058761,0.406718,106.5,93.0,0.204301,89.961314,0.0,0.091212,-0.002636,-0.000535,0.194336,0.201118,1,False
675650,Michael Mercado,26,2024,0.197646,0.116872,0.278419,0.063026,0.320545,92.0,64.0,0.15625,98.197692,0.0,-0.365873,-0.002057,-0.000535,0.195199,0.200093,1,False
687765,Mitch Spence,27,2024,0.197513,0.157355,0.237671,0.031334,0.82755,385.5,651.0,0.193548,103.321752,0.0,-0.224742,-0.002636,-0.000535,0.196937,0.19809,1,False
608566,Germán Márquez,30,2024,0.19749,0.13347,0.26151,0.049953,0.715186,102.065,340.65,0.192867,93.283958,-3.615981,-0.058377,-0.00657,0.000355,0.189551,0.205429,3,False
692230,Carlos Rodriguez,23,2024,0.197359,0.115096,0.279623,0.064188,0.295858,88.5,57.0,0.157895,95.648139,0.0,-0.304801,0.000424,-0.000535,0.194409,0.20031,1,False
573668,Juan Minaya,34,2022,0.197323,0.107105,0.287542,0.070395,0.104022,79.575,15.75,0.244444,98.021494,0.0,0.23517,-0.030434,0.000864,0.190368,0.204279,1,False
680736,Justin Wrobleski,24,2024,0.197208,0.130547,0.263869,0.052014,0.531658,137.0,154.0,0.168831,100.327089,0.0,-0.332518,0.000424,-0.000535,0.194251,0.200164,1,False
640444,Wil Crowe,30,2023,0.197206,0.123573,0.270839,0.057454,0.515604,93.24,144.4,0.202216,95.087632,-4.60728,-0.025459,-0.013141,0.000273,0.192359,0.202052,2,False
621111,Walker Buehler,30,2024,0.197176,0.148623,0.245728,0.037884,0.7643,241.59,439.9,0.191634,100.132125,-1.353986,-0.186438,-0.00657,-0.00023,0.192218,0.202133,2,False
663941,Tristan Beck,29,2024,0.197175,0.133594,0.260756,0.049611,0.673156,114.74,279.4,0.196135,95.421521,-3.836353,-0.075194,-0.00657,-0.001773,0.192125,0.202225,2,False
593619,Domingo Tapia,33,2023,0.19713,0.118787,0.275474,0.06113,0.360577,97.65,76.5,0.164706,107.001569,3.673262,-0.44668,-0.020533,-0.000917,0.192202,0.202058,2,False
622694,Elieser Hernández,30,2024,0.197127,0.126145,0.268109,0.055385,0.543171,101.73,161.3,0.179789,100.342323,-7.460809,-0.259356,-0.00657,0.000309,0.193519,0.200735,2,False
674681,Michael Plassmeyer,28,2023,0.19688,0.106065,0.287695,0.070861,0.150054,71.595,23.95,0.202505,88.455515,14.798372,0.163233,-0.005273,-0.000881,0.184204,0.209556,2,False
666168,Mason Thompson,27,2023,0.196804,0.134888,0.258719,0.048311,0.569348,173.935,179.35,0.176471,99.346145,6.175711,-0.266429,-0.004693,-0.001567,0.189249,0.204359,2,False
687362,Connor Gillispie,27,2024,0.196728,0.108336,0.285121,0.068971,0.190863,76.0,32.0,0.25,85.710701,0.0,0.460414,-0.002636,-0.000535,0.18987,0.203587,1,False
641582,Matt Foster,30,2024,0.196592,0.116999,0.276185,0.062104,0.418293,81.755,97.55,0.191697,92.78424,-2.968967,-0.042271,-0.00657,0.000434,0.191287,0.201897,2,False
677944,Slade Cecconi,26,2024,0.196517,0.146864,0.246169,0.038743,0.748899,235.66,404.6,0.18784,94.321556,4.753487,-0.110208,-0.002057,-0.000803,0.189554,0.203479,2,False
641149,Wes Parsons,32,2024,0.196438,0.112091,0.280786,0.065814,0.283209,80.56,53.6,0.164179,98.073964,4.017984,-0.30118,-0.010632,-0.001009,0.190536,0.202341,2,False
670219,Zac Kristofak,27,2024,0.196392,0.1016,0.291183,0.073963,0.075004,65.5,11.0,0.181818,89.980513,0.0,0.096216,-0.002636,-0.000535,0.188906,0.203878,1,False
664584,Jhon Romero,30,2022,0.196332,0.102536,0.290128,0.073187,0.058309,70.44,8.4,0.25,91.107191,0.0,0.447275,-0.015777,0.000864,0.184651,0.208013,1,False
686294,Amos Willingham,26,2024,0.196276,0.111204,0.281349,0.06638,0.354799,69.46,74.6,0.134048,98.126072,14.221084,-0.542391,-0.002057,-0.002055,0.183576,0.208977,2,False
664129,Geoff Hartlieb,31,2024,0.196264,0.112483,0.280044,0.065372,0.283209,82.96,53.6,0.164179,97.949371,1.740865,-0.298922,-0.010632,-0.000827,0.190443,0.202084,2,False
453268,Daniel Bard,40,2023,0.196166,0.136817,0.255515,0.046308,0.623805,175.295,224.95,0.232718,101.708948,-14.010221,0.03556,-0.033512,-0.00101,0.196267,0.196065,2,False
641771,Chad Kuhl,32,2024,0.19597,0.148391,0.243549,0.037125,0.807249,212.815,568.15,0.195547,92.626714,5.777662,-0.031624,-0.010632,-0.000325,0.185663,0.206277,3,False
571670,Dylan Floro,34,2024,0.195815,0.14769,0.24394,0.03755,0.788184,222.08,504.8,0.197306,98.239682,-9.293981,-0.120429,-0.009901,-0.000802,0.190927,0.200703,3,False
676969,Brett de Geus,27,2024,0.195778,0.112493,0.279063,0.064985,0.277097,86.0,52.0,0.134615,99.149035,0.0,-0.537848,-0.002636,-0.000535,0.193256,0.1983,1,False
663971,Blair Calvo,29,2023,0.195734,0.097872,0.293595,0.076359,0.013095,61.38,1.8,0.0,96.885455,0.0,-0.223183,-0.009207,-0.002164,0.199513,0.191954,1,False
675921,Spencer Howard,28,2024,0.195572,0.132781,0.258362,0.048994,0.615814,139.345,217.45,0.181191,92.816259,-13.639383,-0.122099,-0.002636,-0.000213,0.186178,0.204965,3,False
656685,Brett Martin,30,2022,0.195507,0.123321,0.267693,0.056325,0.35357,152.22,74.2,0.188679,98.471129,0.0,-0.156043,-0.015777,0.000864,0.192897,0.198117,1,False
701643,Grant Hartwig,27,2024,0.195443,0.118896,0.27199,0.059728,0.481145,84.98,125.8,0.174881,95.908973,-1.436301,-0.213516,-0.002636,-0.001763,0.189108,0.201778,2,False
622253,Dillon Tate,31,2024,0.195365,0.135942,0.254788,0.046366,0.66242,152.22,266.2,0.180316,106.457847,0.833833,-0.352541,-0.010632,2e-06,0.189777,0.200953,2,False
681871,Eli Villalobos,28,2024,0.195326,0.102912,0.287739,0.072108,0.117142,69.0,18.0,0.166667,91.249014,0.0,-0.081829,-0.002636,-0.000535,0.190122,0.200529,1,False
592169,Austin Brice,33,2022,0.195319,0.102155,0.288484,0.072694,0.065123,71.745,9.45,0.185185,99.558868,0.0,-0.035887,-0.031165,0.000864,0.188774,0.201865,1,False
642770,Javy Guerra,29,2023,0.195274,0.119681,0.270868,0.058984,0.390457,107.49,86.9,0.136939,106.507485,2.209874,-0.653218,-0.009207,-0.001164,0.189329,0.201219,2,False
605452,Joe Ross,32,2024,0.195251,0.142476,0.248025,0.041179,0.70293,220.5,321.0,0.205607,92.728499,0.0,0.031406,-0.010632,-0.000535,0.193197,0.197304,1,False
592390,Heath Hembree,36,2023,0.195226,0.105026,0.285426,0.070381,0.227053,65.585,39.85,0.179423,99.283155,27.528081,-0.206474,-0.033512,0.000682,0.178527,0.211925,2,False
676614,Bryan Sammons,30,2024,0.195088,0.121742,0.268434,0.05723,0.433949,112.0,104.0,0.173077,99.314652,0.0,-0.280597,-0.00657,-0.000535,0.19291,0.197266,1,False
664744,Jose Espada,28,2023,0.195057,0.097808,0.292305,0.075881,0.021636,62.3,3.0,0.4,82.3584,0.0,1.290144,-0.005273,-0.002164,0.166603,0.22351,1,False
621112,Paul Blackburn,31,2024,0.19505,0.15252,0.237581,0.033185,0.848172,262.185,757.85,0.201293,89.065023,-1.559765,0.073087,-0.010632,-0.000832,0.188141,0.201959,3,False
683568,Jairo Iriarte,23,2024,0.194983,0.106165,0.283801,0.069303,0.181094,75.0,30.0,0.2,88.172847,0.0,0.141329,0.000424,-0.000535,0.18942,0.200546,1,False
646241,Enmanuel De Jesus,28,2023,0.194888,0.104709,0.285066,0.070364,0.130719,75.64,20.4,0.147059,94.130441,0.0,-0.279994,-0.005273,-0.002164,0.190456,0.19932,1,False
519326,Hunter Strickland,36,2024,0.194856,0.144047,0.245666,0.039645,0.743583,216.94,393.4,0.198271,102.362166,13.561157,-0.179819,-0.016756,-0.000182,0.189279,0.200434,2,False
672456,Keider Montero,24,2024,0.194677,0.146568,0.242786,0.037538,0.752292,266.0,412.0,0.186893,94.569336,0.0,-0.120677,0.000424,-0.000535,0.191698,0.197656,1,False
607644,John Means,32,2024,0.194562,0.123516,0.265609,0.055436,0.516123,106.47,144.7,0.16897,103.213006,-8.311443,-0.376623,-0.010632,-0.001015,0.187549,0.201576,3,False
622379,Luis F. Castillo,30,2022,0.194547,0.098942,0.290152,0.074598,0.034861,66.09,4.9,0.285714,88.832667,0.0,0.709271,-0.015777,0.000864,0.177874,0.211219,1,False
605182,Mike Clevinger,34,2024,0.194485,0.141927,0.247044,0.04101,0.809683,148.915,577.15,0.19553,99.044906,-4.794343,-0.145525,-0.009901,-0.001053,0.189235,0.199736,3,False
621249,Duane Underwood Jr.,30,2023,0.194281,0.124928,0.263635,0.054115,0.526178,115.065,150.65,0.188185,99.981228,-10.905002,-0.197532,-0.013141,-0.000342,0.190981,0.197582,2,False
702352,Spencer Bivens,31,2024,0.194143,0.132663,0.255624,0.047972,0.598235,161.0,202.0,0.183168,103.787397,0.0,-0.292809,-0.010632,-0.000535,0.191995,0.196292,1,False
656686,Corbin Martin,29,2022,0.194045,0.111684,0.276406,0.064264,0.206713,103.935,35.35,0.207921,91.695,0.0,0.108118,-0.011843,0.000864,0.18924,0.19885,1,False
656290,Drew Carlton,29,2023,0.193969,0.114665,0.273273,0.061879,0.314364,100.22,62.2,0.213023,88.671295,3.10792,0.177207,-0.009207,-0.001619,0.185662,0.202275,2,False
686651,Levi Stoudt,27,2023,0.193882,0.107967,0.279798,0.067038,0.19566,85.3,33.0,0.163636,93.8963,0.0,-0.204327,-0.004693,-0.002164,0.189898,0.197866,1,False
660600,Enoli Paredes,29,2024,0.193678,0.118134,0.269223,0.058946,0.40385,103.99,91.9,0.181719,92.719413,6.47593,-0.10381,-0.00657,-0.000461,0.186374,0.200983,2,False
668470,Hagen Danner,26,2023,0.193654,0.095401,0.291908,0.076665,0.004403,60.46,0.6,0.0,96.062857,0.0,0.529225,-0.004113,-0.002164,0.203997,0.183311,1,False
572403,Drew VerHagen,34,2023,0.193622,0.133771,0.253472,0.0467,0.593297,186.99,197.9,0.213744,93.470292,-5.736627,0.069315,-0.019802,-0.001596,0.188265,0.198979,2,False
668834,Easton McGee,27,2023,0.193531,0.101736,0.285325,0.071625,0.117716,70.61,18.1,0.085635,94.388664,-9.183587,-0.770823,-0.004693,-0.001344,0.186042,0.201019,2,False
656240,Scott Blewett,29,2024,0.193472,0.117038,0.269905,0.059639,0.385209,102.5,85.0,0.211765,88.14183,0.0,0.173554,-0.00657,-0.000535,0.189594,0.197349,1,False
672715,Luis Patiño,25,2023,0.193449,0.118839,0.268059,0.058217,0.408529,108.97,93.7,0.15635,97.171267,-8.116294,-0.359825,-0.001633,-0.001055,0.188001,0.198897,2,False
656671,Josh Maciejewski,29,2024,0.193443,0.103889,0.282997,0.069877,0.165991,73.5,27.0,0.259259,85.621042,0.0,0.515106,-0.00657,-0.000535,0.185524,0.201362,1,False
642231,Jimmy Yacabonis,33,2023,0.193409,0.112601,0.274217,0.063052,0.316265,91.075,62.75,0.222311,92.80849,-2.031131,0.14854,-0.020533,-0.000931,0.186747,0.200071,2,False
571917,Parker Markel,34,2022,0.193341,0.097629,0.289052,0.074682,0.032451,65.655,4.55,0.230769,95.780984,0.0,0.373385,-0.030434,0.000864,0.181667,0.205014,1,False
656288,Griffin Canning,29,2024,0.193319,0.159096,0.227543,0.026704,0.886597,461.66,1060.6,0.201207,88.593662,-8.239354,0.081687,-0.00657,-0.001029,0.192185,0.194454,2,False
623451,Jackson Stephens,31,2024,0.193158,0.115848,0.270469,0.060323,0.490211,79.845,130.45,0.192028,92.210691,-6.070735,-0.034496,-0.010632,-4.3e-05,0.18533,0.200986,3,False
666120,Ian Anderson,27,2022,0.193055,0.135395,0.250716,0.044991,0.559846,274.455,172.55,0.196755,89.907688,0.0,0.036975,-0.006749,0.000864,0.189078,0.197033,1,False
688107,Robert Gasser,26,2024,0.193054,0.121357,0.264751,0.055944,0.456622,117.0,114.0,0.140351,105.378141,0.0,-0.617186,-0.002057,-0.000535,0.190245,0.195862,1,False
669194,Ryne Nelson,27,2024,0.193004,0.157619,0.22839,0.02761,0.883174,414.555,1025.55,0.184486,100.815618,3.922804,-0.246194,-0.002636,-0.001092,0.185466,0.200543,3,False
666745,Jhony Brito,27,2024,0.192936,0.139844,0.246029,0.041427,0.750561,174.82,408.2,0.176874,103.98481,-0.773496,-0.342734,-0.002636,-0.001426,0.186898,0.198975,2,False
669432,Trevor Rogers,27,2024,0.192935,0.154022,0.231847,0.030362,0.851252,362.435,776.35,0.187415,91.014596,-2.947935,-0.05331,-0.002636,-0.000334,0.185735,0.200134,3,False
672851,Joan Adon,26,2024,0.192931,0.129436,0.256425,0.049543,0.688968,109.25,300.5,0.179867,88.771254,5.722489,-0.0545,-0.002057,-0.00081,0.179886,0.205975,3,False
600921,Andrés Machado,32,2023,0.1929,0.13244,0.253361,0.047176,0.613736,164.355,215.55,0.194386,102.765174,2.605822,-0.205787,-0.021264,-0.000881,0.186089,0.199712,2,False
543766,Bryan Shaw,37,2024,0.192761,0.123608,0.261914,0.053958,0.628339,92.535,229.35,0.201439,94.359952,-3.075788,-0.022817,-0.016756,-0.000787,0.185757,0.199765,3,False
448179,Rich Hill,45,2024,0.192658,0.137481,0.247836,0.043054,0.814358,125.51,595.1,0.202571,97.55635,13.239341,-0.078326,-0.016756,-0.001186,0.187129,0.198188,3,False
661255,Yoan López,32,2022,0.192657,0.103708,0.281606,0.069405,0.116279,82.185,17.85,0.196078,97.784821,0.0,-0.024701,-0.027835,0.000864,0.187031,0.198283,1,False
680723,Drew Rom,25,2023,0.192583,0.122222,0.262944,0.054901,0.429185,138.2,102.0,0.188235,90.78843,0.0,-0.026177,-0.001633,-0.002164,0.188496,0.19667,1,False
682610,Roddery Muñoz,25,2024,0.19257,0.143008,0.242131,0.038672,0.736409,249.5,379.0,0.184697,96.210454,0.0,-0.164101,-0.002057,-0.000535,0.189199,0.19594,1,False
607200,Erick Fedde,32,2024,0.192548,0.156903,0.228193,0.027813,0.872285,443.055,926.55,0.201716,90.498475,0.098745,0.046637,-0.010632,-0.000232,0.189946,0.19515,2,False
657248,Glenn Otto Jr.,29,2023,0.192515,0.125891,0.259139,0.051985,0.635039,104.005,236.05,0.186613,90.57418,11.159915,-0.044261,-0.009207,0.000472,0.18086,0.204171,2,False
664062,Tony Gonsolin,31,2023,0.192417,0.145394,0.239439,0.036691,0.762401,277.53,435.3,0.208707,90.481605,-4.382616,0.092028,-0.017203,-0.000951,0.187188,0.197645,2,False
592866,Trevor Williams,33,2024,0.192381,0.14934,0.235422,0.033584,0.852745,242.56,785.6,0.197301,88.049249,5.544789,0.068372,-0.009901,-0.001123,0.18477,0.199992,3,False
669060,Bryse Wilson,27,2024,0.192293,0.152493,0.232093,0.031055,0.856325,317.655,808.55,0.180879,99.758686,-1.184033,-0.252758,-0.002636,-0.000606,0.183521,0.201066,3,False
676664,JP Sears,29,2024,0.192271,0.160163,0.224379,0.025053,0.905494,493.18,1299.8,0.193453,96.744666,-5.520487,-0.120908,-0.00657,-0.000979,0.187776,0.196766,3,False
680744,Ty Madden,25,2024,0.192203,0.118558,0.265848,0.057463,0.426773,110.5,101.0,0.168317,95.001538,0.0,-0.23784,-0.002057,-0.000535,0.188502,0.195904,1,False
681867,Cooper Criswell,28,2024,0.192112,0.147038,0.237186,0.03517,0.792826,281.515,519.15,0.174516,102.954874,0.483511,-0.344889,-0.002636,-0.000807,0.182699,0.201525,3,False
676974,Max Meyer,26,2024,0.19198,0.134924,0.249036,0.044519,0.654599,184.91,257.1,0.187087,88.303892,-5.922358,0.003962,-0.002057,-0.000486,0.184754,0.199206,2,False
621593,Anthony Castro,30,2022,0.191903,0.105068,0.278739,0.067755,0.143615,88.275,22.75,0.184615,93.762519,0.0,-0.041014,-0.015777,0.000864,0.186719,0.197088,1,False
693821,Bryce Elder,26,2024,0.191871,0.147483,0.236258,0.034634,0.845895,224.865,744.65,0.187001,87.906779,-0.55906,0.006331,-0.002057,-0.001347,0.183514,0.200227,3,False
661309,Adrián Martinez,28,2023,0.19182,0.133483,0.250157,0.045519,0.634251,179.925,235.25,0.198725,84.822021,-0.556948,0.151677,-0.005273,-0.000997,0.184447,0.199193,2,False
592761,Caleb Smith,33,2022,0.191745,0.125524,0.257967,0.051671,0.437936,191.37,105.7,0.215232,99.724927,0.0,-0.023332,-0.031165,0.000864,0.18868,0.19481,1,False
669912,Kirby Snead,30,2024,0.191719,0.119445,0.263992,0.056393,0.53343,94.71,155.1,0.15893,100.064079,-2.526617,-0.400381,-0.00657,-0.000225,0.181922,0.201516,3,False
672730,Juan Then,25,2023,0.191629,0.104545,0.278712,0.067949,0.175119,82.08,28.8,0.104167,95.385509,0.0,-0.686971,-0.001633,-0.002164,0.186999,0.196258,1,False
622072,Alex Wood,34,2024,0.19159,0.14429,0.23889,0.036907,0.824573,198.165,637.65,0.193288,97.516661,-5.621614,-0.13445,-0.009901,-0.000766,0.186542,0.196638,3,False
663531,Logan Allen,28,2024,0.19159,0.123148,0.260032,0.053404,0.511417,125.4,142.0,0.165141,96.022955,-0.924268,-0.285498,-0.002636,-0.000397,0.184581,0.198599,2,False
682847,Luis Ortiz,26,2024,0.19145,0.153121,0.22978,0.029908,0.858068,364.415,820.15,0.180882,97.509322,2.931133,-0.21515,-0.002057,-0.000971,0.182755,0.200146,3,False
682967,Devin Sweet,28,2023,0.191422,0.103368,0.279476,0.068706,0.159792,79.78,25.8,0.139535,93.964458,0.0,-0.356293,-0.005273,-0.002164,0.187137,0.195707,1,False
666159,Matt Manning,27,2024,0.191155,0.135824,0.246486,0.043174,0.748922,149.665,404.65,0.172495,97.462972,1.677494,-0.269149,-0.002636,-0.00098,0.179626,0.202683,3,False
592791,Jameson Taillon,33,2024,0.191094,0.158616,0.223572,0.025342,0.906984,462.28,1322.8,0.197951,95.790462,-6.525583,-0.076301,-0.009901,-0.00075,0.188476,0.193712,3,False
598287,Noé Ramirez,35,2022,0.190872,0.11912,0.262625,0.055987,0.356788,153.525,75.25,0.237209,97.4261,0.0,0.143565,-0.036558,0.000864,0.18749,0.194254,1,False
669935,A.J. Alexy,27,2022,0.190637,0.099744,0.281531,0.070922,0.089286,76.53,13.3,0.157895,89.94702,0.0,-0.072197,-0.006749,0.000864,0.183804,0.197471,1,False
572143,Burch Smith,35,2024,0.190459,0.132487,0.248431,0.045234,0.639835,180.5,241.0,0.190871,104.258125,0.0,-0.251828,-0.016756,-0.000535,0.189215,0.191703,1,False
595881,Tyler Beede,32,2024,0.190451,0.120695,0.260207,0.054429,0.552883,103.975,167.75,0.188674,93.92207,-6.041945,-0.091397,-0.010632,0.000297,0.185644,0.195257,2,False
660431,Hector Perez,29,2023,0.19042,0.093558,0.287282,0.075579,0.021636,62.3,3.0,0.0,93.896471,0.0,-0.58973,-0.009207,-0.002164,0.189059,0.191781,1,False
657745,Bubby Rossman,33,2022,0.190337,0.09319,0.287483,0.075801,0.012736,62.175,1.75,0.2,95.306667,0.0,0.525639,-0.031165,0.000864,0.17874,0.201933,1,False
679358,Eric Orze,27,2024,0.190282,0.095987,0.284576,0.073576,0.075004,65.5,11.0,0.090909,90.690476,0.0,-0.528653,-0.002636,-0.000535,0.184106,0.196457,1,False
528748,Humberto Castellanos,27,2024,0.190281,0.11466,0.265903,0.059006,0.460726,90.79,115.9,0.157032,94.666386,4.286506,-0.316035,-0.002636,0.000284,0.181685,0.198878,2,False
687145,Evan Justice,26,2024,0.190245,0.097989,0.282501,0.071985,0.167015,63.52,27.2,0.191176,86.523522,2.431638,0.128903,-0.002057,-0.002044,0.179544,0.200947,2,False
572703,Luke Bard,34,2022,0.190217,0.102634,0.2778,0.068339,0.13211,85.665,20.65,0.135593,102.422669,0.0,-0.503817,-0.030434,0.000864,0.187409,0.193025,1,False
650959,Marcos Diplán,28,2022,0.190093,0.097324,0.282863,0.072386,0.065123,71.745,9.45,0.296296,83.710656,0.0,0.789074,-0.007329,0.000864,0.174865,0.205321,1,False
688427,Kolton Ingram,28,2023,0.190016,0.099328,0.280703,0.070761,0.117142,73.8,18.0,0.233333,86.698,0.0,0.385281,-0.005273,-0.002164,0.181219,0.198812,1,False
643615,T.J. Zeuch,29,2022,0.189768,0.102933,0.276602,0.067755,0.141719,87.84,22.4,0.078125,97.26016,0.0,-0.944291,-0.011843,0.000864,0.184425,0.195111,1,False
596043,Daniel Mengden,32,2022,0.189716,0.097864,0.281567,0.071669,0.076263,73.92,11.2,0.25,93.02605,0.0,0.37972,-0.027835,0.000864,0.178987,0.200444,1,False
642520,Gerson Garabito,29,2024,0.1897,0.118353,0.261048,0.055671,0.458789,117.5,115.0,0.191304,90.41976,0.0,-0.002196,-0.00657,-0.000535,0.185825,0.193576,1,False
646242,Jhonathan Díaz,28,2024,0.189522,0.111747,0.267297,0.060686,0.412626,88.33,95.3,0.149528,92.959793,5.191116,-0.33627,-0.002636,-0.000627,0.177098,0.201946,3,False
660906,Francisco Pérez,27,2023,0.189515,0.109632,0.269399,0.062331,0.310881,95.72,61.2,0.177288,90.206478,-5.375759,-0.072908,-0.004693,-0.001333,0.182507,0.196523,2,False
668472,Nick Pratto,26,2024,0.189475,0.092788,0.286161,0.075442,0.028641,62.0,4.0,0.25,83.9,0.0,0.711103,-0.002057,-0.000535,0.173465,0.205485,1,False
605335,Brandon Leibrandt,32,2024,0.189299,0.101465,0.277132,0.068534,0.190863,76.0,32.0,0.15625,94.55873,0.0,-0.26581,-0.010632,-0.000535,0.186077,0.192521,1,False
592222,Alex Claudio,33,2023,0.189214,0.092947,0.285482,0.075115,0.044715,61.835,6.35,0.110236,95.224951,-11.4718,-0.302658,-0.020533,6e-06,0.183976,0.194453,2,False
642130,Blake Taylor,29,2022,0.189141,0.103854,0.274428,0.066547,0.162127,92.625,26.25,0.12,95.801311,0.0,-0.544685,-0.011843,0.000864,0.18486,0.193422,1,False
593974,Wandy Peralta,33,2024,0.189098,0.134407,0.243789,0.042674,0.734993,162.425,376.25,0.183522,96.876325,-3.605585,-0.184664,-0.009901,-0.000835,0.180799,0.197397,3,False
607067,Colin Rea,34,2024,0.188753,0.154153,0.223352,0.026997,0.883038,448.02,1024.2,0.196251,97.277604,-3.152521,-0.112667,-0.009901,-0.001029,0.187508,0.189997,2,False
657766,Locke St. John,32,2022,0.18872,0.09256,0.284879,0.075031,0.022693,63.915,3.15,0.444444,85.213103,0.0,1.359837,-0.027835,0.000864,0.157225,0.220214,1,False
687888,Brandon Walter,28,2023,0.188708,0.111166,0.266249,0.060504,0.319181,108.76,63.6,0.150943,96.352,0.0,-0.373362,-0.005273,-0.002164,0.185145,0.192271,1,False
670046,Kenny Rosenberg,29,2024,0.188666,0.123864,0.253469,0.050564,0.605307,122.405,208.05,0.178803,90.501778,-0.06638,-0.093407,-0.00657,-0.00111,0.177342,0.199991,3,False
663969,Tyler Phillips,27,2024,0.188643,0.123147,0.254138,0.051105,0.541163,140.0,160.0,0.175,93.136275,0.0,-0.166118,-0.002636,-0.000535,0.18446,0.192825,1,False
663567,Peter Lambert,28,2024,0.188637,0.140879,0.236395,0.037264,0.78825,222.5,505.0,0.183366,88.319537,7.994878,-0.025096,-0.002636,-0.001261,0.180406,0.196869,2,False
681517,Kyle Leahy,28,2024,0.188619,0.126942,0.250296,0.048125,0.595842,156.4,200.0,0.171,93.106455,6.96,-0.196091,-0.002636,-0.000609,0.180472,0.196767,2,False
643511,Tyler Rogers,34,2024,0.188514,0.142788,0.23424,0.035679,0.81229,234.705,587.05,0.177412,122.442446,-5.623772,-0.551957,-0.009901,-0.000784,0.184715,0.192313,3,False
670810,Logan Gillaspie,28,2024,0.188495,0.111733,0.265257,0.059895,0.430384,89.85,102.5,0.149268,94.524509,-6.762826,-0.369047,-0.002636,-0.00062,0.178732,0.198258,3,False
656954,Justus Sheffield,29,2022,0.188383,0.099732,0.277035,0.069173,0.116279,82.185,17.85,0.137255,92.742346,0.0,-0.306886,-0.011843,0.000864,0.182954,0.193813,1,False
656353,Tucker Davidson,29,2024,0.188199,0.11996,0.256437,0.053245,0.644227,92.165,245.65,0.163444,98.290348,7.022946,-0.343943,-0.00657,-0.00099,0.175198,0.201199,3,False
608718,Brent Suter,35,2024,0.188103,0.140982,0.235224,0.036768,0.799338,222.04,540.4,0.187916,103.826423,6.577764,-0.269205,-0.016756,-0.000817,0.179419,0.196787,3,False
677955,Jaden Hill,25,2024,0.187845,0.103471,0.272218,0.065835,0.249087,82.5,45.0,0.133333,93.490728,0.0,-0.440218,-0.002057,-0.000535,0.183465,0.192225,1,False
595411,Ryan Sherriff,35,2023,0.187779,0.097041,0.278516,0.0708,0.113681,73.34,17.4,0.172414,98.130769,0.0,-0.167904,-0.026657,-0.002164,0.183493,0.192064,1,False
669391,Owen White,25,2024,0.187675,0.098024,0.277327,0.069953,0.178117,70.14,29.4,0.081633,92.770879,5.217298,-0.871768,-0.002057,-0.001167,0.176825,0.198525,2,False
669422,Matt Sauer,26,2024,0.187639,0.111406,0.263872,0.059483,0.38241,102.0,84.0,0.107143,104.631832,0.0,-0.892617,-0.002057,-0.000535,0.183522,0.191757,1,False
670161,Parker Dunshee,30,2024,0.187622,0.094543,0.2807,0.072627,0.093546,67.0,14.0,0.214286,86.838873,0.0,0.305134,-0.00657,-0.000535,0.179015,0.196228,1,False
681987,Nate Eaton,28,2023,0.187599,0.090976,0.284222,0.075392,0.021636,62.3,3.0,0.2,86.359091,0.0,0.535708,-0.005273,-0.002164,0.174625,0.200573,1,False
502202,Brad Boxberger,37,2023,0.187568,0.117198,0.257938,0.054908,0.515258,108.02,144.2,0.235784,91.674611,-8.986819,0.230804,-0.033512,-0.000194,0.183929,0.191207,2,False
527055,Arodys Vizcaíno,34,2022,0.187527,0.095313,0.279741,0.071952,0.069611,72.615,10.15,0.103448,99.281391,0.0,-0.561801,-0.030434,0.000864,0.18295,0.192104,1,False
641501,Tyler Danish,30,2022,0.187501,0.112614,0.262389,0.058433,0.308598,135.255,60.55,0.184971,93.732931,0.0,-0.090394,-0.015777,0.000864,0.183489,0.191514,1,False
595928,John Curtiss,32,2024,0.187454,0.102086,0.272822,0.066611,0.308775,70.86,60.6,0.174917,92.504807,1.015819,-0.133388,-0.010632,-0.001841,0.180297,0.194611,2,False
518553,Steve Cishek,39,2022,0.187403,0.120499,0.254308,0.052204,0.425438,184.845,100.45,0.25784,97.790897,0.0,0.241033,-0.050269,0.000864,0.184718,0.190089,1,False
669270,Joel Kuhnel,30,2024,0.187368,0.115328,0.259407,0.056211,0.545848,91.905,163.05,0.161914,98.027254,-2.767613,-0.34574,-0.00657,-0.000117,0.180246,0.19449,3,False
694350,Zach Brzykcy,25,2024,0.187254,0.098464,0.276043,0.06928,0.171087,74.0,28.0,0.142857,90.081346,0.0,-0.265065,-0.002057,-0.000535,0.181972,0.192536,1,False
641682,Ryan Hendrix,30,2022,0.187163,0.096525,0.277801,0.070723,0.089286,76.53,13.3,0.236842,88.217931,0.0,0.395369,-0.015777,0.000864,0.177011,0.197314,1,False
606930,Jacob Barnes,35,2024,0.187113,0.134755,0.239472,0.040854,0.719253,205.555,347.55,0.184146,100.696555,2.757734,-0.243817,-0.016756,-0.00057,0.178196,0.196031,3,False
571439,R.J. Alvarez,34,2022,0.187096,0.091891,0.282301,0.074286,0.032451,65.655,4.55,0.153846,95.8692,0.0,0.032011,-0.030434,0.000864,0.179422,0.19477,1,False
643230,Steven Brault,33,2022,0.187033,0.096571,0.277496,0.070586,0.091421,76.965,13.65,0.205128,95.68586,0.0,0.087968,-0.031165,0.000864,0.179504,0.194563,1,False
674944,Sean Guenther,29,2024,0.186898,0.108664,0.265131,0.061044,0.349852,96.5,73.0,0.164384,93.660658,0.0,-0.232786,-0.00657,-0.000535,0.183135,0.19066,1,False
606424,Jarlín García,32,2022,0.186866,0.118968,0.254765,0.052979,0.410585,177.45,94.5,0.207407,96.09531,0.0,-0.005899,-0.027835,0.000864,0.182821,0.190911,1,False
624647,Victor González,29,2024,0.186834,0.119819,0.253849,0.05229,0.567494,116.6,178.0,0.162921,101.149484,-12.211145,-0.390486,-0.00657,-0.001276,0.182252,0.191416,2,False
663562,Noah Davis,28,2024,0.18673,0.120217,0.253242,0.051898,0.578316,117.005,186.05,0.168234,90.700678,-1.690223,-0.168667,-0.002636,-0.001284,0.175663,0.197796,3,False
678906,Kai-Wei Teng,26,2024,0.186706,0.104743,0.268669,0.063953,0.288472,87.5,55.0,0.127273,95.12549,0.0,-0.53233,-0.002057,-0.000535,0.182436,0.190976,1,False
572125,Sam Selman,34,2022,0.186627,0.101504,0.271751,0.06642,0.162127,92.625,26.25,0.24,93.488377,0.0,0.261879,-0.030434,0.000864,0.180068,0.193186,1,False
695076,Rhett Lowder,23,2024,0.186615,0.11728,0.25595,0.0541,0.485474,124.0,128.0,0.171875,89.514406,0.0,-0.113533,0.000424,-0.000535,0.181797,0.191433,1,False
571901,Aaron Loup,37,2023,0.186591,0.127937,0.245246,0.045767,0.628594,175.36,229.6,0.196864,109.352147,4.7198,-0.28356,-0.033512,-0.000964,0.181045,0.192138,2,False
656657,Zach Logue,29,2024,0.186586,0.109383,0.263788,0.060239,0.49193,77.935,131.35,0.188047,81.987424,7.759599,0.153275,-0.00657,5.8e-05,0.171294,0.201878,3,False
607391,Chris Mazza,35,2022,0.186563,0.095465,0.277661,0.071082,0.082821,75.225,12.25,0.142857,100.606667,0.0,-0.346864,-0.036558,0.000864,0.18197,0.191156,1,False
656457,Tyler Gilbert,31,2024,0.186451,0.111824,0.261079,0.05823,0.493731,88.43,132.3,0.169312,94.448727,-7.539539,-0.227194,-0.010632,-0.000527,0.177011,0.195891,3,False
660593,Denyi Reyes,28,2023,0.186276,0.10813,0.264422,0.060975,0.323426,102.485,64.85,0.173477,89.384909,-1.764085,-0.084066,-0.005273,-0.001657,0.178467,0.194086,2,False
666721,Max Castillo,26,2023,0.186264,0.113493,0.259035,0.056782,0.454217,106.89,112.9,0.167848,89.409477,8.221653,-0.137492,-0.004113,-0.000568,0.17587,0.196658,2,False
663734,Nick Neidert,28,2022,0.186238,0.092472,0.280005,0.073164,0.049068,68.7,7.0,0.15,87.673827,0.0,0.051853,-0.007329,0.000864,0.177558,0.194919,1,False
680689,Lyon Richardson,25,2024,0.186103,0.098985,0.273221,0.067976,0.283209,67.36,53.6,0.152985,86.309995,20.590788,-0.156535,-0.002057,-0.002012,0.169314,0.202891,2,False
605521,Art Warren,32,2022,0.186096,0.110594,0.261597,0.058912,0.298589,131.775,57.75,0.242424,89.729939,0.0,0.319711,-0.027835,0.000864,0.180265,0.191926,1,False
664042,Travis Lakins,31,2022,0.186001,0.097365,0.274638,0.069161,0.11426,81.75,17.5,0.16,95.146635,0.0,-0.19419,-0.023773,0.000864,0.180168,0.191835,1,False
607216,Joey Krehbiel,32,2023,0.185915,0.105985,0.265845,0.062368,0.416416,77.28,96.8,0.193698,95.544679,-9.486313,-0.080301,-0.021264,0.000507,0.182358,0.189471,2,False
676568,Ricky Vanasco,26,2024,0.185887,0.093276,0.278498,0.072262,0.099562,67.5,15.0,0.066667,90.268313,0.0,-0.842994,-0.002057,-0.000535,0.178524,0.19325,1,False
621057,Justin Garza,31,2023,0.185806,0.106338,0.265273,0.062006,0.286976,101.86,54.6,0.186813,94.517397,0.0,-0.089662,-0.017203,-0.002164,0.181673,0.189938,1,False
502043,Kyle Gibson,37,2024,0.185584,0.154522,0.216645,0.024236,0.914849,494.55,1457.5,0.202813,90.493285,-5.799021,0.052032,-0.016756,-0.000835,0.184533,0.186634,3,False
677076,Clayton Andrews,28,2024,0.185496,0.091655,0.279336,0.073221,0.106677,62.82,16.2,0.209877,86.517097,-19.742437,0.274992,-0.002636,-0.001862,0.180618,0.190373,2,False
663554,Casey Mize,28,2024,0.185293,0.13964,0.230946,0.035622,0.775178,287.575,467.75,0.169749,98.684779,10.35081,-0.309923,-0.002636,-0.000488,0.177659,0.192927,2,False
664353,José Urquidy,30,2023,0.185248,0.134784,0.235712,0.039376,0.748317,210.335,403.35,0.183216,97.772722,0.392246,-0.201968,-0.013141,-0.000375,0.17802,0.192476,2,False
686563,Jonathan Cannon,24,2024,0.185189,0.141676,0.228701,0.033951,0.793724,321.0,522.0,0.17433,95.594756,0.0,-0.224664,0.000424,-0.000535,0.18153,0.188847,1,False
571616,Matt Dermody,34,2023,0.18513,0.092328,0.277932,0.072411,0.085294,68.065,12.65,0.075099,94.553747,16.288421,-0.786461,-0.019802,-0.001577,0.174325,0.195935,2,False
605194,Jharel Cotton,33,2022,0.184795,0.110709,0.258881,0.057807,0.318326,138.735,63.35,0.21547,95.037083,0.0,0.06854,-0.031165,0.000864,0.180322,0.189268,1,False
596082,Jake Reed,32,2023,0.184645,0.094246,0.275044,0.070536,0.18674,65.915,31.15,0.165329,94.848724,-5.981414,-0.207105,-0.021264,0.000456,0.179041,0.190249,2,False
656756,Jordan Montgomery,32,2024,0.184594,0.150642,0.218547,0.026492,0.90221,397.96,1251.6,0.190077,96.718993,-6.582906,-0.14261,-0.010632,-0.000859,0.180854,0.188334,3,False
664092,Sean Poppen,31,2022,0.18451,0.104803,0.264217,0.062193,0.236407,112.2,42.0,0.183333,95.21762,0.0,-0.113572,-0.023773,0.000864,0.179904,0.189116,1,False
547001,Cody Poteet,30,2024,0.184388,0.114238,0.254538,0.054736,0.500442,111.99,135.9,0.171818,91.085311,-4.393444,-0.146936,-0.00657,-0.000125,0.17739,0.191386,2,False
683155,Joey Estes,23,2024,0.184219,0.142011,0.226427,0.032934,0.808081,334.32,571.2,0.168417,96.18412,7.356522,-0.27674,0.000424,-0.000616,0.17649,0.191948,2,False
661269,Vladimir Gutierrez,29,2024,0.184151,0.102143,0.266159,0.063989,0.369932,74.765,79.65,0.177652,87.728587,-2.077813,-0.028819,-0.00657,0.000565,0.176889,0.191413,2,False
682052,Jacob Lopez,27,2024,0.184005,0.104604,0.263405,0.061954,0.366253,86.24,78.4,0.163265,88.890331,-1.475218,-0.150396,-0.002636,-0.001208,0.176072,0.191938,2,False
605525,J.B. Wendelken,32,2022,0.183807,0.10435,0.263265,0.061999,0.239404,113.07,42.7,0.172131,98.241107,0.0,-0.239531,-0.027835,0.000864,0.179797,0.187818,1,False
702674,Caden Dana,21,2024,0.183619,0.101204,0.266035,0.064307,0.277097,86.0,52.0,0.153846,88.449515,0.0,-0.192558,0.000424,-0.000535,0.178446,0.188793,1,False
672839,Francisco Morales,25,2022,0.183612,0.090245,0.276979,0.072852,0.051395,69.135,7.35,0.142857,84.788608,0.0,0.060489,-0.00121,0.000864,0.174575,0.192649,1,False
641726,Daulton Jefferies,29,2024,0.183296,0.111596,0.254997,0.055946,0.495426,102.52,133.2,0.163664,91.180984,6.15128,-0.205608,-0.00657,9.7e-05,0.173831,0.192762,2,False
543507,Trevor May,35,2023,0.183149,0.119651,0.246646,0.049545,0.544016,158.185,161.85,0.21316,90.561636,-5.736444,0.123036,-0.026657,-0.001437,0.176735,0.189562,2,False
503285,Darren O'Day,42,2022,0.183133,0.100611,0.265656,0.06439,0.195183,100.89,32.9,0.276596,97.978909,0.0,0.353466,-0.050269,0.000864,0.179372,0.186895,1,False
663559,Bailey Falter,28,2024,0.183082,0.146574,0.21959,0.028486,0.871414,387.535,919.35,0.17284,96.146936,2.456852,-0.247254,-0.002636,-0.000718,0.174456,0.191708,3,False
608349,Corey Knebel,33,2022,0.183077,0.110114,0.256041,0.056932,0.333563,144.39,67.9,0.21134,94.77261,0.0,0.047694,-0.031165,0.000864,0.17853,0.187625,1,False
669467,Andre Pallante,26,2024,0.182949,0.14484,0.221057,0.029735,0.862388,348.615,850.15,0.17097,96.967614,-5.961182,-0.27413,-0.002057,-0.000619,0.174194,0.191703,3,False
671109,Jake Eder,26,2024,0.182653,0.088318,0.276988,0.073607,0.062215,64.5,9.0,0.111111,86.425333,0.0,-0.230581,-0.002057,-0.000535,0.174835,0.190471,1,False
641427,Alan Busenitz,34,2024,0.182573,0.095225,0.26992,0.068155,0.220614,72.24,38.4,0.15625,91.050687,-2.662807,-0.212504,-0.009901,-0.001273,0.176341,0.188804,2,False
682010,Lane Ramsey,28,2023,0.182455,0.103348,0.261562,0.061725,0.289218,102.32,55.2,0.195652,85.760295,0.0,0.138174,-0.005273,-0.002164,0.176937,0.187972,1,False
667498,Robert Dugger,29,2022,0.182395,0.097153,0.267637,0.066512,0.156658,91.32,25.2,0.263889,82.214859,0.0,0.615557,-0.011843,0.000864,0.172557,0.192233,1,False
667465,Aaron Fletcher,29,2022,0.182372,0.094299,0.270446,0.068721,0.11829,82.62,18.2,0.115385,91.257919,0.0,-0.447969,-0.011843,0.000864,0.176259,0.188485,1,False
665645,Kervin Castro,26,2022,0.182287,0.09496,0.269613,0.068139,0.128205,84.795,19.95,0.192982,84.191381,0.0,0.212782,-0.00369,0.000864,0.174302,0.190271,1,False
605218,Carl Edwards Jr.,33,2024,0.182096,0.108274,0.255919,0.057602,0.567218,78.98,177.8,0.191226,87.546887,-12.542822,0.048595,-0.009901,-0.000611,0.178236,0.185957,3,False
643400,Dusten Knight,34,2022,0.181993,0.093492,0.270495,0.069056,0.112231,81.315,17.15,0.183673,94.950366,0.0,-0.043176,-0.030434,0.000864,0.175814,0.188173,1,False
621079,Collin Wiles,31,2022,0.181992,0.092231,0.271753,0.070038,0.09566,77.835,14.35,0.219512,89.947922,0.0,0.266385,-0.023773,0.000864,0.172541,0.191443,1,False
666205,Kyle Muller,27,2024,0.181978,0.131116,0.23284,0.039686,0.766711,185.385,445.85,0.165527,92.024916,4.541706,-0.220749,-0.002636,-0.001286,0.169452,0.194503,3,False
680232,Jackson Wolf,26,2023,0.181927,0.090059,0.273795,0.071682,0.088674,70.12,13.2,0.045455,89.689867,0.0,-1.040164,-0.004113,-0.002164,0.172718,0.191136,1,False
571863,Matt Koch,34,2024,0.181747,0.102016,0.261477,0.062212,0.446535,72.945,109.45,0.157606,91.064751,10.608038,-0.244089,-0.009901,-0.001906,0.167276,0.196218,3,False
593140,Michael Feliz,32,2022,0.181723,0.086965,0.276481,0.073938,0.032451,65.655,4.55,0.307692,87.512787,0.0,0.827516,-0.027835,0.000864,0.162367,0.201079,1,False
471911,Carlos Carrasco,38,2024,0.181699,0.143829,0.219569,0.029549,0.871851,331.095,922.95,0.196977,87.084437,-4.56352,0.085136,-0.016756,-0.000635,0.177945,0.185454,3,False
669438,Mason Englert,25,2024,0.181676,0.118868,0.244485,0.049008,0.643432,121.68,244.8,0.16585,89.220161,5.731085,-0.15886,-0.002057,-0.001545,0.171042,0.192311,2,False
518397,Scott Alexander,35,2024,0.181426,0.124476,0.238375,0.044437,0.693431,154.685,306.85,0.173049,102.910885,-4.889951,-0.352455,-0.016756,-0.001097,0.172872,0.189979,3,False
594902,Ben Lively,33,2024,0.181316,0.144569,0.218063,0.028673,0.863995,398.98,861.8,0.191924,83.431006,-5.866569,0.132421,-0.009901,-0.00097,0.178418,0.184214,2,False
700270,Yilber Díaz,24,2024,0.181229,0.110979,0.251479,0.054814,0.46729,119.5,119.0,0.159664,89.139478,0.0,-0.191291,0.000424,-0.000535,0.17584,0.186618,1,False
572193,Ryan Tepera,37,2023,0.181226,0.106926,0.255525,0.057974,0.459652,94.34,115.4,0.19974,98.409754,-3.261811,-0.096158,-0.033512,-3.3e-05,0.176214,0.186237,2,False
607572,Sam Howard,32,2022,0.18119,0.086276,0.276103,0.074059,0.03003,65.22,4.2,0.083333,94.176897,0.0,-0.282115,-0.027835,0.000864,0.175128,0.187252,1,False
570488,Phillips Valdez,33,2022,0.181179,0.096019,0.26634,0.066448,0.156658,91.32,25.2,0.180556,95.845714,0.0,-0.111818,-0.031165,0.000864,0.175715,0.186643,1,False
446321,Ross Detwiler,39,2022,0.181178,0.101873,0.260483,0.061879,0.239404,113.07,42.7,0.229508,101.474255,0.0,0.049373,-0.050269,0.000864,0.178135,0.184221,1,False
683822,Naoyuki Uwasawa,31,2024,0.180955,0.089075,0.272835,0.071692,0.105499,68.0,16.0,0.1875,87.122903,0.0,0.138708,-0.010632,-0.000535,0.173315,0.188595,1,False
642216,Allan Winans,29,2024,0.18075,0.106208,0.255291,0.058163,0.480748,88.96,125.6,0.194268,81.41054,2.268062,0.206647,-0.00657,-0.001632,0.171418,0.190081,2,False
547179,Michael Lorenzen,33,2024,0.180643,0.14515,0.216135,0.027694,0.885992,379.825,1054.25,0.183401,93.082125,-3.603141,-0.120827,-0.009901,-0.000923,0.174756,0.186529,3,False
608716,Drew Steckenrider,34,2022,0.180584,0.094926,0.266243,0.066837,0.149254,89.58,23.8,0.147059,97.654336,0.0,-0.359745,-0.030434,0.000864,0.176172,0.184997,1,False
641447,Daniel Castano,30,2023,0.180473,0.09741,0.263536,0.064812,0.32928,74.66,66.6,0.141141,95.780574,-6.187638,-0.440675,-0.013141,0.000318,0.174824,0.186122,2,False
642545,Jaime Barria,28,2023,0.180418,0.129298,0.231539,0.039888,0.707289,237.58,327.8,0.171141,90.134554,4.083818,-0.14251,-0.005273,-0.001142,0.171244,0.189593,2,False
543521,Collin McHugh,38,2023,0.180326,0.124274,0.236379,0.043737,0.653629,192.8,256.0,0.212695,93.299377,-2.846241,0.063739,-0.033512,-0.001038,0.174889,0.185764,2,False
572020,James Paxton,36,2024,0.180274,0.139035,0.221513,0.032178,0.834412,303.16,683.6,0.195436,93.593031,-15.047923,-0.051546,-0.016756,-0.001123,0.178996,0.181552,2,False
621076,James Kaprielian,31,2023,0.180127,0.128951,0.231303,0.039932,0.731691,208.995,369.95,0.18516,92.278681,3.329149,-0.090083,-0.017203,-0.000511,0.171438,0.188816,2,False
621348,Sam Clay,32,2022,0.180098,0.088462,0.271734,0.071501,0.069611,72.615,10.15,0.172414,92.427314,0.0,0.007983,-0.027835,0.000864,0.171584,0.188611,1,False
673316,Luke Barker,33,2022,0.180045,0.086592,0.273499,0.072919,0.046729,68.265,6.65,0.157895,93.512593,0.0,-0.007389,-0.031165,0.000864,0.171364,0.188726,1,False
666364,Jordan Balazovic,26,2023,0.179986,0.103249,0.256724,0.059876,0.323257,109.68,64.8,0.157407,89.721483,0.0,-0.202397,-0.004113,-0.002164,0.174599,0.185374,1,False
664871,Kyle Dowdy,32,2022,0.179953,0.087975,0.271931,0.071768,0.065123,71.745,9.45,0.111111,94.337021,0.0,-0.400138,-0.027835,0.000864,0.173087,0.186819,1,False
668933,Graham Ashcraft,27,2024,0.179866,0.140363,0.219369,0.030823,0.86732,288.68,886.8,0.1674,106.862106,-9.777422,-0.452834,-0.002636,-0.000967,0.173527,0.186206,3,False
527054,Julio Teheran,34,2024,0.179786,0.108282,0.25129,0.055793,0.58189,85.28,188.8,0.174788,93.725142,-6.257819,-0.181668,-0.009901,-0.002026,0.175273,0.184299,2,False
641585,J.P. France,30,2024,0.179668,0.126976,0.232361,0.041115,0.775865,155.36,469.6,0.175894,93.023992,-3.580403,-0.167476,-0.00657,-0.001744,0.17349,0.185847,2,False
642758,Domingo Acevedo,31,2023,0.17965,0.105274,0.254026,0.058033,0.472058,90.93,121.3,0.201979,83.383035,4.983518,0.210126,-0.017203,0.00016,0.169295,0.190005,2,False
670103,Raymond Burgos,26,2024,0.179546,0.084788,0.274304,0.073937,0.049068,63.5,7.0,0.142857,83.984,0.0,0.090218,-0.002057,-0.000535,0.170015,0.189078,1,False
668684,Tanner Tully,30,2022,0.179331,0.08793,0.270731,0.071318,0.071839,73.05,10.5,0.066667,90.959483,0.0,-0.738269,-0.015777,0.000864,0.171786,0.186876,1,False
685410,Peyton Battenfield,27,2023,0.179049,0.106929,0.25117,0.056274,0.392368,127.16,87.6,0.184932,84.955033,0.0,0.07538,-0.004693,-0.002164,0.173393,0.184706,1,False
453178,Ian Kennedy,40,2023,0.179029,0.107137,0.250921,0.056095,0.481937,102.62,126.2,0.22187,91.679681,-8.038315,0.153929,-0.033512,-0.000216,0.176001,0.182057,2,False
669952,Mitch White,30,2024,0.17883,0.119733,0.237928,0.046113,0.688611,134.0,300.0,0.160333,91.484775,3.802712,-0.245999,-0.00657,-1.2e-05,0.165353,0.192308,3,False
573186,Marcus Stroman,34,2024,0.178814,0.145982,0.211647,0.025618,0.899868,451.915,1219.15,0.185416,91.762459,-13.085358,-0.082923,-0.009901,-0.000768,0.176062,0.181567,3,False
608328,Chase De Jong,31,2023,0.178779,0.106991,0.250566,0.056014,0.50527,97.855,138.55,0.179358,90.951103,-0.399779,-0.09361,-0.017203,7.7e-05,0.17046,0.187098,2,False
685126,Brandon Eisert,27,2024,0.178758,0.090077,0.267439,0.069196,0.160832,73.0,26.0,0.076923,90.097636,0.0,-0.853481,-0.002636,-0.000535,0.171386,0.18613,1,False
500779,Jose Quintana,36,2024,0.178719,0.145586,0.211852,0.025853,0.894157,461.405,1146.05,0.191048,88.219009,0.55632,0.02378,-0.016756,-0.000517,0.173416,0.184022,3,False
605538,Matt Wisler,32,2022,0.178589,0.10441,0.252768,0.05788,0.312279,136.56,61.6,0.198864,92.574036,0.0,0.016847,-0.027835,0.000864,0.173331,0.183846,1,False
667376,Miguel Sánchez,31,2022,0.178568,0.09165,0.265486,0.06782,0.130162,85.23,20.3,0.155172,92.594762,0.0,-0.195911,-0.023773,0.000864,0.17212,0.185016,1,False
668873,Caleb Kilian,28,2024,0.178464,0.10072,0.256208,0.060662,0.391823,87.94,87.4,0.150458,86.947641,-4.931902,-0.207658,-0.002636,-0.00059,0.167332,0.189595,3,False
703231,James Meeker,30,2024,0.178426,0.082701,0.274151,0.074692,0.028641,62.0,4.0,0.0,87.575,0.0,-0.717814,-0.00657,-0.000535,0.173097,0.183755,1,False
642232,Ryan Yarbrough,33,2024,0.17832,0.13767,0.218971,0.031719,0.846558,294.045,748.45,0.169083,107.431872,1.625973,-0.449014,-0.009901,-0.000795,0.169625,0.187016,3,False
664192,Joey Lucchesi,32,2024,0.178218,0.107443,0.248993,0.055224,0.545772,94.7,163.0,0.160736,95.039591,0.874348,-0.302555,-0.010632,-0.001704,0.170024,0.186413,2,False
542881,Tyler Anderson,35,2024,0.178145,0.147168,0.209122,0.024171,0.911073,504.985,1389.85,0.188294,99.018118,-1.304445,-0.193779,-0.016756,-0.000728,0.173625,0.182664,3,False
598264,Matt Barnes,35,2024,0.178108,0.109672,0.246544,0.053399,0.571592,102.1,181.0,0.187293,88.336752,-6.526928,0.006558,-0.016756,-0.000594,0.170249,0.185967,3,False
690916,Richard Fitts,25,2024,0.177957,0.102552,0.253362,0.058836,0.385209,102.5,85.0,0.105882,98.210065,0.0,-0.805101,-0.002057,-0.000535,0.171849,0.184065,1,False
691951,Sam Aldegheri,23,2024,0.177785,0.099005,0.256566,0.061471,0.330603,93.5,67.0,0.149254,86.944324,0.0,-0.206819,0.000424,-0.000535,0.171988,0.183583,1,False
592288,Kent Emanuel,33,2024,0.177612,0.101697,0.253528,0.059235,0.376735,101.0,82.0,0.146341,94.655216,0.0,-0.388158,-0.009901,-0.000535,0.173853,0.181372,1,False
608652,Luke Farrell,34,2022,0.177604,0.09242,0.262789,0.066467,0.152972,90.45,24.5,0.2,92.552912,0.0,0.066104,-0.030434,0.000864,0.171227,0.183982,1,False
670124,Adam Oller,30,2024,0.177467,0.124021,0.230912,0.041702,0.730411,172.355,367.55,0.162971,90.897977,5.860744,-0.216848,-0.00657,-0.000355,0.164896,0.190037,3,False
674072,Tommy Henry,27,2024,0.177172,0.127014,0.22733,0.039137,0.780489,181.035,482.35,0.167928,83.981391,0.51078,-0.039017,-0.002636,-0.001099,0.16556,0.188785,3,False
592229,Dylan Covey,33,2023,0.177124,0.109555,0.244692,0.052722,0.457924,147.86,114.6,0.157068,102.213125,0.0,-0.442715,-0.020533,-0.002164,0.17324,0.181007,1,False
641394,Jake Brentz,30,2022,0.177024,0.087152,0.266895,0.070125,0.089286,76.53,13.3,0.236842,84.245912,0.0,0.479368,-0.015777,0.000864,0.165661,0.188386,1,False
700669,Gordon Graceffo,25,2024,0.177013,0.089871,0.264154,0.067995,0.186008,75.5,31.0,0.193548,81.789524,0.0,0.238896,-0.002057,-0.000535,0.16949,0.184536,1,False
682051,Garrett Hill,29,2023,0.176903,0.106685,0.247121,0.05479,0.507962,106.005,140.05,0.159943,90.250063,2.503785,-0.215231,-0.009207,-0.000174,0.167215,0.186591,2,False
643361,Kevin Herget,34,2024,0.176706,0.101782,0.25163,0.058461,0.462009,88.85,116.5,0.156223,88.809835,11.470407,-0.211017,-0.009901,-0.00129,0.162911,0.190501,3,False
675540,Xzavion Curry,26,2024,0.176656,0.124776,0.228535,0.04048,0.760534,171.885,430.85,0.160729,89.534996,-0.418498,-0.206779,-0.002057,-0.001398,0.164645,0.188666,3,False
571527,David Buchanan,36,2024,0.176592,0.084442,0.268743,0.071903,0.093546,67.0,14.0,0.071429,92.401379,0.0,-0.814245,-0.016756,-0.000535,0.171162,0.182022,1,False
544727,Jeurys Familia,35,2023,0.176531,0.102529,0.250533,0.057742,0.447324,96.58,109.8,0.179872,94.826172,2.700561,-0.159418,-0.026657,-0.000195,0.168447,0.184615,2,False
685299,Tanner Gordon,27,2024,0.176413,0.111616,0.241209,0.050559,0.541163,140.0,160.0,0.1625,88.094967,0.0,-0.155242,-0.002636,-0.000535,0.170601,0.182224,1,False
687424,Anthony Maldonado,27,2024,0.176338,0.100511,0.252165,0.059166,0.376735,101.0,82.0,0.134146,91.61085,0.0,-0.42792,-0.002636,-0.000535,0.170714,0.181962,1,False
685116,Austin Kitchen,28,2024,0.176337,0.092101,0.260573,0.065727,0.236407,81.0,42.0,0.095238,91.401081,0.0,-0.743268,-0.002636,-0.000535,0.169993,0.18268,1,False
680983,Kelvin Cáceres,25,2023,0.176313,0.081468,0.271158,0.074005,0.034174,63.68,4.8,0.125,83.279429,0.0,0.12002,-0.001633,-0.002164,0.166493,0.186132,1,False
544150,Albert Suárez,35,2024,0.176128,0.134315,0.21794,0.032625,0.806383,342.5,565.0,0.19115,89.411576,0.0,0.002278,-0.016756,-0.000535,0.173896,0.178359,1,False
571539,Matt Carasiti,33,2024,0.175793,0.100195,0.251392,0.058988,0.445517,88.1,109.0,0.152294,94.109506,-8.267803,-0.340787,-0.009901,-0.001521,0.170429,0.181158,2,False
669145,Bruce Zimmermann,30,2023,0.175613,0.104975,0.24625,0.055117,0.522761,99.26,148.6,0.171938,88.40248,0.007323,-0.094191,-0.013141,0.000118,0.166626,0.1846,2,False
592712,Connor Sadzeck,33,2022,0.175578,0.081342,0.269813,0.07353,0.032451,65.655,4.55,0.153846,91.44,0.0,0.113939,-0.031165,0.000864,0.165813,0.185343,1,False
667478,Evan Kravetz,28,2024,0.175578,0.07938,0.271776,0.075061,0.014529,61.0,2.0,0.0,85.995,0.0,-0.096622,-0.002636,-0.000535,0.174727,0.176428,1,False
605151,Archie Bradley,32,2023,0.175545,0.092457,0.258632,0.064831,0.272055,80.67,50.7,0.186391,89.048664,-3.061305,0.01492,-0.021264,-0.000533,0.167328,0.183761,2,False
501925,Joe Smith,41,2022,0.175405,0.096441,0.254369,0.061613,0.239404,113.07,42.7,0.139344,111.526964,0.0,-0.666978,-0.050269,0.000864,0.175823,0.174987,1,False
650204,Norge Ruiz,31,2022,0.175392,0.093361,0.257424,0.064007,0.195183,100.89,32.9,0.191489,89.530055,0.0,0.056942,-0.023773,0.000864,0.168681,0.182104,1,False
663753,Reiss Knehr,28,2023,0.175283,0.089881,0.260686,0.066637,0.227053,76.785,39.85,0.148055,85.366641,0.149382,-0.156982,-0.005273,-0.000595,0.165756,0.184811,2,False
621097,Jacob Waguespack,31,2024,0.175205,0.09319,0.257219,0.063994,0.273225,85.5,51.0,0.215686,81.554027,0.0,0.351263,-0.010632,-0.000535,0.168814,0.181595,1,False
683627,Anthony Molina,23,2024,0.175009,0.11951,0.230508,0.043305,0.660562,192.0,264.0,0.155303,90.691706,0.0,-0.26587,0.000424,-0.000535,0.168666,0.181353,1,False
669169,Jonathan Heasley,28,2024,0.174787,0.107522,0.242052,0.052485,0.628543,94.555,229.55,0.14768,91.805938,-7.342206,-0.345286,-0.002636,0.000189,0.164119,0.185454,3,False
606131,Luis Perdomo,32,2022,0.174776,0.093018,0.256535,0.063794,0.198512,101.76,33.6,0.125,97.026526,0.0,-0.550321,-0.027835,0.000864,0.169497,0.180055,1,False
642659,Raynel Espinal,33,2022,0.174677,0.082042,0.267311,0.07228,0.051395,69.135,7.35,0.238095,88.734133,0.0,0.457884,-0.031165,0.000864,0.161408,0.187945,1,False
592836,Taijuan Walker,32,2024,0.174525,0.137525,0.211525,0.02887,0.885385,317.195,1047.95,0.178444,90.947647,-6.571812,-0.113363,-0.010632,-0.000915,0.168908,0.180141,3,False
502154,Zack Britton,37,2022,0.174337,0.07941,0.269265,0.07407,0.022693,63.915,3.15,0.111111,99.14359,0.0,-0.092929,-0.050269,0.000864,0.168486,0.180189,1,False
681190,Randy Vásquez,26,2024,0.174302,0.130315,0.218288,0.034322,0.796386,285.46,530.6,0.154165,102.101736,-3.316981,-0.479273,-0.002057,-0.000841,0.166358,0.182245,2,False
641745,Brad Keller,29,2024,0.174121,0.12573,0.222512,0.037758,0.797586,190.255,534.55,0.161444,92.229057,2.366302,-0.255538,-0.00657,-0.000356,0.162289,0.185953,3,False
488984,Tommy Hunter,38,2023,0.173942,0.101262,0.246622,0.056711,0.415662,112.05,96.5,0.204145,93.27905,-10.366588,0.024198,-0.033512,-0.001132,0.168968,0.178916,2,False
543594,Sean Nolin,35,2023,0.173858,0.081718,0.265998,0.071895,0.07374,68.28,10.8,0.111111,93.262258,0.0,-0.414924,-0.026657,-0.002164,0.167503,0.180213,1,False
501625,Jose Alvarez,36,2022,0.173638,0.089514,0.257763,0.06564,0.163935,93.06,26.6,0.197368,96.571765,0.0,-0.027763,-0.043413,0.000864,0.167846,0.179431,1,False
676641,Beau Sulser,31,2022,0.173606,0.092267,0.254945,0.063467,0.203453,103.065,34.65,0.191919,88.709222,0.0,0.073263,-0.023773,0.000864,0.166742,0.18047,1,False
676961,Caleb Boushley,31,2024,0.173547,0.084676,0.262419,0.069344,0.160832,70.6,26.0,0.153846,86.407938,-15.847627,-0.105821,-0.010632,-0.000911,0.165834,0.181261,2,False
800049,Adam Mazur,24,2024,0.173508,0.108658,0.238358,0.050601,0.538038,139.0,158.0,0.139241,92.108991,0.0,-0.412437,0.000424,-0.000535,0.166896,0.180119,1,False
670329,Rico Garcia,31,2023,0.17348,0.091866,0.255094,0.063681,0.262357,88.825,48.25,0.13886,92.144011,-3.440321,-0.376149,-0.017203,-0.001395,0.165086,0.181874,2,False
527048,Martín Pérez,34,2024,0.173468,0.140368,0.206568,0.025827,0.90154,420.215,1242.15,0.178682,87.30382,-5.064878,-0.03913,-0.009901,-0.00069,0.16869,0.178246,3,False
608344,Cole Irvin,31,2024,0.173464,0.136774,0.210155,0.028629,0.875383,352.095,952.95,0.171677,92.249609,0.126375,-0.184743,-0.010632,-0.000499,0.164069,0.18286,3,False
676840,Matt Peacock,31,2022,0.173434,0.085107,0.261761,0.06892,0.106089,80.01,16.1,0.130435,90.940671,0.0,-0.306872,-0.023773,0.000864,0.166096,0.180772,1,False
621399,Brady Feigl,34,2024,0.173295,0.080449,0.26614,0.072445,0.075004,65.5,11.0,0.0,87.067727,0.0,-1.646171,-0.009901,-0.000535,0.159785,0.186804,1,False
685314,Andrew Saalfrank,27,2024,0.173171,0.084171,0.262172,0.069445,0.193748,66.46,32.6,0.110429,88.451814,-17.538921,-0.511508,-0.002636,-0.001764,0.168714,0.177629,2,False
659262,Anderson Espinoza,27,2022,0.173091,0.090133,0.25605,0.064731,0.179856,96.975,29.75,0.223529,79.001547,0.0,0.476176,-0.006749,0.000864,0.164214,0.181968,1,False
592346,Chi Chi González,33,2023,0.173076,0.087556,0.258596,0.066729,0.253426,72.205,46.05,0.153094,91.682153,-5.189168,-0.257614,-0.020533,0.000114,0.166403,0.179749,2,False
570663,Hansel Robles,34,2022,0.173072,0.093096,0.253049,0.062404,0.222624,108.285,38.85,0.189189,91.997311,0.0,-0.014263,-0.030434,0.000864,0.167444,0.1787,1,False
670766,Darren McCaughan,29,2024,0.173001,0.112979,0.233024,0.046834,0.608892,159.12,211.2,0.160985,88.405866,-9.879818,-0.176615,-0.00657,-0.00066,0.164352,0.181651,2,False
682990,Quinn Priester,24,2024,0.172895,0.120395,0.225395,0.040965,0.727076,184.54,361.4,0.151079,91.98763,-1.295251,-0.325992,0.000424,-0.001168,0.163408,0.182383,2,False
680897,Nick Nastrini,25,2024,0.172754,0.109683,0.235826,0.049213,0.561907,147.0,174.0,0.149425,90.177194,0.0,-0.295801,-0.002057,-0.000535,0.166128,0.179381,1,False
630023,Yonny Chirinos,31,2024,0.172708,0.118319,0.227097,0.042439,0.734188,155.07,374.7,0.157192,94.777484,8.392279,-0.332573,-0.010632,-0.001453,0.15849,0.186926,3,False
607457,Kyle Barraclough,35,2023,0.172457,0.088626,0.256287,0.065411,0.230124,82.455,40.55,0.136868,96.209973,-11.82987,-0.455761,-0.026657,-0.001197,0.166753,0.17816,2,False
541640,Erasmo Ramírez,35,2024,0.172299,0.115354,0.229244,0.044433,0.732168,131.085,370.85,0.167588,98.325872,-2.813512,-0.31901,-0.016756,-0.000799,0.163532,0.181067,3,False
664337,Miguel Yajure,27,2022,0.172132,0.093057,0.251207,0.061701,0.2349,111.765,41.65,0.134454,86.748869,0.0,-0.293327,-0.006749,0.000864,0.165607,0.178657,1,False
641703,Brent Honeywell,30,2024,0.171848,0.114329,0.229367,0.044881,0.680846,148.54,289.4,0.155494,93.866105,-2.838048,-0.326554,-0.00657,-0.001325,0.163333,0.180362,2,False
675912,Zac Lowther,29,2022,0.171813,0.080668,0.262957,0.071117,0.067373,72.18,9.8,0.035714,86.6664,0.0,-0.961604,-0.011843,0.000864,0.161773,0.181852,1,False
671790,Ronald Bolaños,28,2022,0.171459,0.088852,0.254066,0.064456,0.183313,97.845,30.45,0.137931,85.349277,0.0,-0.21237,-0.007329,0.000864,0.164591,0.178327,1,False
594577,Mike Mayers,33,2023,0.171254,0.104258,0.238251,0.052276,0.524184,122.545,149.45,0.173637,91.07378,-3.452838,-0.136153,-0.020533,-0.000583,0.163358,0.179151,2,False
650530,Bryan Garcia,30,2022,0.171186,0.088233,0.254139,0.064726,0.178117,96.54,29.4,0.202381,83.543559,0.0,0.253759,-0.015777,0.000864,0.163187,0.179185,1,False
664942,James Naile,32,2023,0.170962,0.092708,0.249215,0.061059,0.310005,98.095,60.95,0.097621,100.112853,2.459964,-0.903821,-0.021264,-0.001521,0.161322,0.180602,2,False
543101,Anthony DeSclafani,35,2023,0.170943,0.119319,0.222566,0.040281,0.67697,256.03,284.3,0.187654,91.72081,2.132618,-0.062071,-0.026657,-0.001814,0.162667,0.179219,2,False
672552,Jack O'Loughlin,25,2024,0.170794,0.088194,0.253394,0.06445,0.257309,83.5,47.0,0.12766,85.859441,0.0,-0.337732,-0.002057,-0.000535,0.163961,0.177627,1,False
595191,Jerad Eickhoff,34,2022,0.170646,0.079423,0.261868,0.071179,0.065123,71.745,9.45,0.148148,90.561928,0.0,-0.085384,-0.030434,0.000864,0.162254,0.179037,1,False
687134,Bradley Blalock,24,2024,0.17064,0.104686,0.236594,0.051462,0.52006,133.5,147.0,0.136054,90.280874,0.0,-0.401941,0.000424,-0.000535,0.163639,0.177641,1,False
694363,Jared Shuster,26,2024,0.170638,0.123393,0.217883,0.036864,0.77187,234.3,459.0,0.16122,83.642174,4.547497,-0.079659,-0.002057,-0.001025,0.16084,0.180436,2,False
676661,Max Lazar,26,2024,0.170546,0.089561,0.251531,0.063191,0.28472,87.0,54.0,0.166667,81.516355,0.0,0.045428,-0.002057,-0.000535,0.163835,0.177256,1,False
643290,Justin Dunn,29,2022,0.170444,0.093352,0.247536,0.060153,0.262558,120.03,48.3,0.152174,86.848993,0.0,-0.169314,-0.011843,0.000864,0.164092,0.176796,1,False
621248,Ralph Garza Jr.,31,2022,0.170061,0.094371,0.245751,0.059059,0.283019,126.555,53.55,0.111111,97.981365,0.0,-0.725372,-0.023773,0.000864,0.16405,0.176072,1,False
676194,Jackson Tetreault,29,2022,0.170046,0.088594,0.251498,0.063555,0.198512,101.76,33.6,0.09375,90.156877,0.0,-0.710222,-0.011843,0.000864,0.16272,0.177372,1,False
605288,Adrian Houser,32,2024,0.169984,0.128512,0.211456,0.03236,0.848002,259.285,756.85,0.16747,90.20255,0.58879,-0.174456,-0.010632,-0.000862,0.159965,0.180003,3,False
544931,Stephen Strasburg,36,2022,0.169922,0.07805,0.261794,0.071685,0.056016,70.005,8.05,0.217391,92.331807,0.0,0.278304,-0.043413,0.000864,0.158727,0.181117,1,False
657756,Connor Seabold,29,2023,0.169897,0.117933,0.221862,0.040547,0.67292,251.11,279.1,0.167861,85.29617,-0.445621,-0.064809,-0.009207,-0.001792,0.160292,0.179502,2,False
669105,Zach Muckenhirn,30,2023,0.16986,0.080984,0.258736,0.069348,0.120576,74.26,18.6,0.096774,88.515789,0.0,-0.557665,-0.013141,-0.002164,0.162089,0.177631,1,False
667463,John King,30,2024,0.169794,0.120014,0.219575,0.038842,0.755814,201.19,419.9,0.144082,103.099541,-3.145812,-0.572714,-0.00657,-0.000642,0.158113,0.181476,3,False
687924,Julian Aguiar,24,2024,0.169701,0.102954,0.236448,0.052081,0.507873,130.0,140.0,0.135714,89.246805,0.0,-0.383203,0.000424,-0.000535,0.162599,0.176802,1,False
686826,Bryce Jarvis,27,2024,0.169548,0.116335,0.222762,0.041521,0.697768,194.52,313.2,0.144317,93.091456,9.604724,-0.399356,-0.002636,-0.000822,0.158411,0.180686,2,False
607229,Robert Gsellman,31,2022,0.169393,0.083976,0.25481,0.066649,0.141719,87.84,22.4,0.140625,89.770194,0.0,-0.253654,-0.023773,0.000864,0.162116,0.17667,1,False
502624,Chase Anderson,37,2024,0.169083,0.12201,0.216155,0.036729,0.791264,213.425,514.25,0.171998,90.246958,4.211696,-0.142651,-0.016756,-0.001144,0.158684,0.179482,3,False
620982,Ricardo Pinto,31,2024,0.168968,0.089187,0.248749,0.062251,0.303093,89.5,59.0,0.135593,89.379186,0.0,-0.358948,-0.010632,-0.000535,0.163142,0.174794,1,False
623167,Chris Flexen,30,2024,0.16875,0.136292,0.201208,0.025326,0.897905,462.11,1193.1,0.168175,83.566414,-2.316917,-0.031488,-0.00657,-0.000675,0.161413,0.176086,3,False
543475,Jordan Lyles,34,2024,0.168465,0.118768,0.218161,0.038777,0.844847,141.47,738.7,0.169758,87.014505,-3.777201,-0.093748,-0.009901,-0.001012,0.161033,0.175897,3,False
642060,Cody Sedlock,30,2022,0.168458,0.07542,0.261497,0.072595,0.039643,66.96,5.6,0.1875,82.63493,0.0,0.404762,-0.015777,0.000864,0.155744,0.181173,1,False
502179,Paolo Espino,38,2024,0.168352,0.102833,0.233872,0.051123,0.630264,100.725,231.25,0.16,92.877252,-0.42249,-0.273665,-0.016756,0.000378,0.159158,0.177546,3,False
664874,Seby Zavala,31,2023,0.168016,0.072326,0.263707,0.074665,0.008768,60.92,1.2,0.0,89.32,0.0,0.219977,-0.017203,-0.002164,0.169924,0.166109,1,False
676106,Emerson Hancock,26,2024,0.168012,0.114324,0.2217,0.041891,0.685288,195.94,295.4,0.144211,90.477688,3.902593,-0.349476,-0.002057,-0.000697,0.157257,0.178767,2,False
668874,Blair Henley,28,2024,0.167719,0.074703,0.260735,0.072578,0.062215,64.5,9.0,0.0,81.834872,0.0,-1.340159,-0.002636,-0.000535,0.153799,0.181638,1,False
670241,Darius Vines,27,2024,0.167591,0.095048,0.240135,0.056604,0.461795,98.04,116.4,0.149485,82.933376,1.598894,-0.135683,-0.002636,-0.001241,0.157102,0.178081,2,False
607188,Jake Faria,31,2023,0.167323,0.074787,0.259859,0.072204,0.058309,66.44,8.4,0.214286,83.083077,0.0,0.448532,-0.017203,-0.002164,0.154537,0.18011,1,False
667373,Angel Rondón,27,2022,0.167292,0.075101,0.259484,0.071935,0.049068,68.7,7.0,0.2,78.827209,0.0,0.508024,-0.006749,0.000864,0.154014,0.180571,1,False
689167,Jeff Lindgren,28,2023,0.167283,0.077975,0.256591,0.069685,0.110193,72.88,16.8,0.035714,85.326186,0.0,-1.193001,-0.005273,-0.002164,0.155257,0.179309,1,False
545343,Louis Head,35,2022,0.167103,0.090207,0.243998,0.06,0.262558,120.03,48.3,0.188406,92.24908,0.0,-0.03357,-0.036558,0.000864,0.161295,0.172911,1,False
596071,Dillon Peters,32,2022,0.166979,0.092506,0.241452,0.05811,0.298589,131.775,57.75,0.157576,92.490123,0.0,-0.251196,-0.027835,0.000864,0.160854,0.173104,1,False
681066,Ky Bush,25,2024,0.166631,0.092365,0.240896,0.057948,0.390731,103.5,87.0,0.126437,87.328012,0.0,-0.409649,-0.002057,-0.000535,0.1593,0.173962,1,False
668676,Zach Plesac,30,2024,0.166567,0.106168,0.226965,0.047127,0.699509,113.18,315.8,0.153262,87.047584,-6.449632,-0.210478,-0.00657,2.1e-05,0.155909,0.177225,3,False
475479,David Phelps,38,2022,0.166504,0.099628,0.233379,0.052181,0.412372,178.32,95.2,0.235294,89.82298,0.0,0.269223,-0.050269,0.000864,0.160852,0.172155,1,False
629498,Johan Quezada,30,2023,0.16645,0.07249,0.260409,0.073314,0.034174,63.68,4.8,0.0,85.59625,0.0,-0.83985,-0.013141,-0.002164,0.157881,0.175018,1,False
663765,Jake Woodford,28,2024,0.166168,0.112664,0.219672,0.041748,0.729578,163.4,366.0,0.14153,90.461156,1.105937,-0.373031,-0.002636,-0.000876,0.152318,0.180018,3,False
605507,Zach Thompson,31,2022,0.166099,0.111036,0.221163,0.042965,0.583495,296.205,190.05,0.165746,94.122519,0.0,-0.251755,-0.023773,0.000864,0.159431,0.172768,1,False
606273,Roenis Elías,36,2022,0.166051,0.076229,0.255873,0.070086,0.07846,74.355,11.55,0.181818,92.635826,0.0,0.036493,-0.043413,0.000864,0.157168,0.174934,1,False
446372,Corey Kluber,39,2023,0.166046,0.115919,0.216173,0.039113,0.744525,202.335,395.35,0.186797,97.994272,-3.470377,-0.183387,-0.033512,-0.000317,0.16072,0.171372,2,False
605200,Zach Davies,32,2023,0.165895,0.118878,0.212912,0.036686,0.758337,253.37,425.7,0.185342,79.315053,1.078214,0.186418,-0.021264,-0.000745,0.157083,0.174708,2,False
571578,Patrick Corbin,35,2024,0.165551,0.135628,0.195475,0.023348,0.916425,514.355,1487.55,0.173574,89.319159,9.776976,-0.115824,-0.016756,-0.00082,0.157459,0.173643,3,False
656970,Devin Smeltzer,29,2023,0.165485,0.098815,0.232155,0.052021,0.54186,116.045,160.45,0.147086,87.577039,-0.220073,-0.260798,-0.009207,-0.000268,0.15521,0.17576,2,False
598286,Nick Ramirez,35,2024,0.165244,0.096922,0.233566,0.05331,0.550587,101.82,166.2,0.131167,105.148588,-11.812282,-0.700058,-0.016756,-0.001547,0.160248,0.17024,2,False
621082,Jake Lemoine,31,2022,0.165185,0.081394,0.248976,0.06538,0.160312,92.19,25.9,0.175676,86.039732,0.0,0.046592,-0.023773,0.000864,0.157011,0.173359,1,False
643316,Paul Fry,32,2022,0.165102,0.079587,0.250616,0.066725,0.135979,86.535,21.35,0.229508,83.974887,0.0,0.411963,-0.027835,0.000864,0.154789,0.175414,1,False
667725,Kyle Tyler,28,2024,0.165061,0.099249,0.230872,0.051351,0.51989,131.49,146.9,0.174949,73.864916,-15.327343,0.261192,-0.002636,-0.000489,0.156109,0.174012,2,False
689266,Dylan Dodd,27,2024,0.164982,0.087024,0.242941,0.060829,0.441867,74.34,107.4,0.102421,91.662203,6.43402,-0.732887,-0.002636,-0.002027,0.151138,0.178827,2,False
489265,Sergio Romo,42,2022,0.164382,0.081279,0.247485,0.064843,0.16931,94.365,27.65,0.177215,98.102025,0.0,-0.179805,-0.050269,0.000864,0.161302,0.167461,1,False
676720,Tommy Romero,27,2022,0.164101,0.076191,0.252012,0.068594,0.101946,79.14,15.4,0.159091,79.621361,0.0,0.138477,-0.006749,0.000864,0.154333,0.173869,1,False
678368,Valente Bellozo,25,2024,0.164057,0.111163,0.216951,0.041272,0.684996,207.5,295.0,0.149153,86.104176,0.0,-0.220992,-0.002057,-0.000535,0.156529,0.171585,1,False
519008,T.J. McFarland,36,2024,0.163745,0.109429,0.218061,0.042382,0.683045,183.235,292.35,0.156662,90.789269,-3.432978,-0.260505,-0.016756,-0.000329,0.151922,0.175568,3,False
656232,Brandon Bielak,29,2024,0.163623,0.109542,0.217703,0.042198,0.732088,153.07,370.7,0.149447,85.988372,2.188934,-0.218742,-0.00657,-0.001394,0.149808,0.177437,3,False
594943,Zach Neal,36,2023,0.16335,0.089674,0.237027,0.057488,0.354185,117.04,74.4,0.201613,88.477199,0.0,0.108157,-0.033512,-0.002164,0.157448,0.169253,1,False
543391,Casey Kelly,35,2024,0.163341,0.074511,0.252171,0.069312,0.134049,70.5,21.0,0.190476,82.658205,0.0,0.22648,-0.016756,-0.000535,0.155578,0.171104,1,False
615698,Cal Quantrill,30,2024,0.162967,0.130366,0.195568,0.025438,0.897813,441.59,1191.9,0.159074,87.298264,-3.016085,-0.177859,-0.00657,-0.000583,0.154534,0.171399,3,False
596295,Austin Gomber,31,2024,0.162955,0.131032,0.194878,0.024909,0.901597,462.695,1242.95,0.162074,91.223962,1.884645,-0.234606,-0.010632,-0.000801,0.15406,0.17185,3,False
676596,Josh Fleming,29,2024,0.162505,0.10689,0.218119,0.043395,0.708516,148.175,329.75,0.127824,102.703049,-4.358305,-0.701894,-0.00657,-0.000939,0.150093,0.174916,3,False
489119,Wade Miley,38,2024,0.16217,0.103345,0.220995,0.0459,0.736741,109.965,379.65,0.155933,94.287996,2.817705,-0.334325,-0.016756,-0.001591,0.150834,0.173506,3,False
607536,Kyle Freeland,32,2024,0.16207,0.127921,0.196219,0.026646,0.895643,372.43,1164.3,0.160826,85.269119,9.477367,-0.12223,-0.010632,-0.000781,0.151239,0.172901,3,False
595939,Chris Ellis,32,2022,0.161954,0.071116,0.252791,0.070878,0.060592,70.875,8.75,0.08,87.761928,0.0,-0.488363,-0.027835,0.000864,0.152744,0.171163,1,False
543606,Jake Odorizzi,35,2022,0.161834,0.103757,0.219912,0.045317,0.538901,257.055,158.55,0.189845,89.901018,0.0,-0.006864,-0.036558,0.000864,0.15554,0.168129,1,False
543901,Ryan Weber,34,2023,0.161538,0.080936,0.242141,0.062892,0.265154,88.895,48.95,0.107252,91.116786,0.76564,-0.63164,-0.019802,-0.001363,0.151721,0.171356,2,False
571945,Miles Mikolas,36,2024,0.161533,0.131682,0.191385,0.023292,0.917952,499.775,1517.75,0.169824,93.249817,1.37258,-0.218275,-0.016756,-0.000829,0.154968,0.168099,3,False
669920,Jason Alexander,32,2022,0.161385,0.097458,0.225312,0.049881,0.453006,199.635,112.35,0.143302,96.712579,0.0,-0.457321,-0.027835,0.000864,0.154596,0.168174,1,False
572070,Garrett Richards,37,2022,0.161313,0.088779,0.233848,0.056597,0.323088,140.475,64.75,0.194595,95.532432,0.0,-0.065682,-0.050269,0.000864,0.155568,0.167059,1,False
592717,Aaron Sanchez,32,2022,0.161059,0.094018,0.2281,0.05231,0.406069,175.275,92.75,0.154717,92.010499,0.0,-0.279165,-0.027835,0.000864,0.154193,0.167924,1,False
456034,David Price,39,2022,0.160734,0.08678,0.234688,0.057704,0.301118,132.645,58.45,0.221557,91.223529,0.0,0.175386,-0.050269,0.000864,0.155001,0.166466,1,False
503449,Wily Peralta,36,2022,0.160459,0.086604,0.234314,0.057627,0.302376,133.08,58.8,0.190476,92.049062,0.0,-0.024027,-0.043413,0.000864,0.154195,0.166723,1,False
656382,Tommy Doyle,29,2023,0.159665,0.083595,0.235735,0.059355,0.312975,107.38,61.8,0.174757,78.932507,0.0,0.154865,-0.009207,-0.002164,0.152015,0.167315,1,False
643493,Austin Pruitt,35,2024,0.159591,0.092672,0.226511,0.052216,0.618569,91.6,220.0,0.146818,91.484573,-4.193693,-0.346449,-0.016756,-0.000907,0.148569,0.170614,3,False
622608,Antonio Senzatela,30,2024,0.1591,0.094125,0.224075,0.050698,0.614833,103.255,216.55,0.130686,87.284108,4.656853,-0.394612,-0.00657,0.000263,0.145148,0.173053,3,False
677976,Randy Dobnak,30,2024,0.158927,0.076813,0.241042,0.064072,0.249087,82.5,45.0,0.155556,79.358462,0.0,0.025635,-0.00657,-0.000535,0.151468,0.166386,1,False
572362,Robbie Erlin,34,2022,0.158801,0.065286,0.252315,0.072967,0.022693,63.915,3.15,0.111111,85.9815,0.0,0.155738,-0.030434,0.000864,0.149469,0.168132,1,False
502042,Chris Archer,36,2022,0.15859,0.100013,0.217168,0.045706,0.529954,250.095,152.95,0.19222,91.391863,0.0,-0.020567,-0.043413,0.000864,0.152133,0.165048,1,False
642068,Jordan Sheffield,30,2022,0.158328,0.06466,0.251995,0.073086,0.020222,63.48,2.8,0.125,80.441081,0.0,0.391691,-0.015777,0.000864,0.147326,0.169329,1,False
542947,Richard Bleier,38,2023,0.15821,0.093226,0.223194,0.050705,0.536301,128.49,156.9,0.132569,109.633849,-5.372811,-0.747934,-0.033512,-0.000664,0.151821,0.164599,2,False
570632,José Ureña,33,2024,0.157884,0.118757,0.197011,0.03053,0.844366,318.8,736.0,0.148709,91.692324,3.536366,-0.344056,-0.009901,-0.000517,0.146009,0.169759,3,False
548389,Ross Stripling,35,2024,0.157674,0.118467,0.196882,0.030592,0.854577,292.12,797.2,0.162883,89.363959,-7.131113,-0.191583,-0.016756,-0.000673,0.149571,0.165778,3,False
617228,Hirokazu Sawamura,37,2022,0.157523,0.087826,0.227221,0.054383,0.363129,156.135,77.35,0.180995,96.393085,0.0,-0.172187,-0.050269,0.000864,0.151625,0.163421,1,False
456501,Johnny Cueto,39,2024,0.157112,0.100949,0.213276,0.043823,0.750767,120.865,408.65,0.159305,88.669215,-10.103995,-0.201577,-0.016756,-0.000276,0.149707,0.164517,3,False
459429,Jake McGee,38,2022,0.156671,0.082616,0.230726,0.057783,0.296041,130.905,57.05,0.153374,99.342543,0.0,-0.403019,-0.050269,0.000864,0.151546,0.161796,1,False
611093,Silvino Bracho,32,2023,0.15615,0.069648,0.242651,0.067495,0.155083,74.89,24.9,0.200803,79.161485,3.692295,0.354958,-0.021264,-0.001398,0.142814,0.169485,2,False
689672,Drew Thorpe,24,2024,0.156123,0.095622,0.216624,0.047207,0.583431,155.0,190.0,0.131579,82.576801,0.0,-0.282168,0.000424,-0.000535,0.147325,0.164921,1,False
685503,Kohei Arihara,32,2022,0.155654,0.076478,0.23483,0.061779,0.217918,106.98,37.8,0.12963,88.121739,0.0,-0.354296,-0.027835,0.000864,0.147737,0.163572,1,False
607609,A.J. Ladwig,32,2022,0.155452,0.063395,0.247509,0.07183,0.037258,66.525,5.25,0.0,85.443902,0.0,-0.91839,-0.027835,0.000864,0.145244,0.16566,1,False
621219,Alec Mills,33,2023,0.155369,0.068755,0.241983,0.067583,0.206945,67.54,35.4,0.108757,85.799909,-2.015523,-0.480926,-0.020533,0.000351,0.145092,0.165646,2,False
605164,Dylan Bundy,32,2022,0.154999,0.101906,0.208092,0.041427,0.605537,318.825,208.25,0.157983,91.88215,0.0,-0.26761,-0.027835,0.000864,0.147135,0.162863,1,False
664350,Sixto Sánchez,26,2024,0.154053,0.090845,0.217262,0.04932,0.544246,141.0,162.0,0.104938,91.333257,0.0,-0.713046,-0.002057,-0.000535,0.14432,0.163787,1,False
518748,Justin Grimm,36,2022,0.153974,0.070618,0.237329,0.06504,0.154819,90.885,24.85,0.15493,90.596534,0.0,-0.180168,-0.043413,0.000864,0.146265,0.161682,1,False
656818,Connor Overton,31,2023,0.153688,0.077134,0.230242,0.059733,0.360276,89.64,76.4,0.134817,84.21456,-0.97535,-0.268426,-0.017203,-0.000444,0.142864,0.164512,2,False
623485,Ashton Goudeau,32,2022,0.15364,0.07307,0.23421,0.062867,0.195183,100.89,32.9,0.170213,83.360856,0.0,0.05264,-0.027835,0.000864,0.144925,0.162355,1,False
596271,Casey Lawrence,37,2023,0.153603,0.083504,0.223703,0.054697,0.42641,118.885,100.85,0.157164,91.452407,-8.323893,-0.25335,-0.033512,-0.001334,0.14555,0.161656,2,False
543294,Kyle Hendricks,35,2024,0.153582,0.119309,0.187855,0.026742,0.884452,390.64,1038.4,0.159765,87.051356,-3.726035,-0.168031,-0.016756,-0.000911,0.144897,0.162267,3,False
621295,Nick Wittgren,34,2023,0.153563,0.085955,0.221171,0.052753,0.476944,123.57,123.7,0.135408,89.143344,-1.144678,-0.382378,-0.019802,-0.001016,0.143401,0.163725,2,False
642834,Jonathan Bermúdez,29,2024,0.153154,0.068557,0.237751,0.066009,0.19566,76.5,33.0,0.121212,79.157395,0.0,-0.214009,-0.00657,-0.000535,0.144434,0.161873,1,False
592716,Adrian Sampson,33,2022,0.152836,0.094125,0.211547,0.045811,0.524768,246.18,149.8,0.170561,85.963419,0.0,-0.053577,-0.031165,0.000864,0.145001,0.160671,1,False
489334,Craig Stammen,41,2022,0.152805,0.080116,0.225493,0.056717,0.313497,136.995,61.95,0.19774,91.200715,0.0,0.034698,-0.050269,0.000864,0.147824,0.157785,1,False
594835,Marco Gonzales,33,2024,0.152482,0.10477,0.200195,0.037229,0.803309,175.805,554.05,0.143399,86.52377,-3.287232,-0.281254,-0.009901,-0.000222,0.140926,0.164038,3,False
641312,Shaun Anderson,30,2024,0.152312,0.079039,0.225586,0.057174,0.39196,102.745,87.45,0.114351,82.758007,-11.444528,-0.421557,-0.00657,-0.000496,0.141335,0.16329,2,False
571446,Mark Appel,33,2022,0.151113,0.063653,0.238573,0.068243,0.093546,77.4,14.0,0.125,84.637852,0.0,-0.193405,-0.031165,0.000864,0.141256,0.16097,1,False
605498,Andrew Suárez,32,2023,0.150849,0.078686,0.223011,0.056306,0.365067,119.8,78.0,0.130769,87.867733,0.0,-0.380596,-0.021264,-0.002164,0.142711,0.158986,1,False
592789,Noah Syndergaard,32,2023,0.1504,0.104503,0.196297,0.035812,0.761167,259.635,432.35,0.15462,89.488409,-8.780859,-0.2525,-0.021264,-0.000779,0.141387,0.159413,2,False
572971,Dallas Keuchel,37,2024,0.150117,0.091129,0.209105,0.046027,0.67998,120.425,288.25,0.14484,84.020647,-0.39579,-0.211726,-0.016756,-0.000604,0.136972,0.163261,3,False
663534,Nash Walters,28,2022,0.149905,0.056054,0.243756,0.073229,0.007681,61.305,1.05,0.0,78.49625,0.0,0.550808,-0.007329,0.000864,0.149134,0.150676,1,False
518516,Madison Bumgarner,35,2023,0.149634,0.091667,0.207601,0.04523,0.687391,125.83,298.3,0.151525,93.213544,-6.334128,-0.34577,-0.026657,0.000316,0.141263,0.158004,2,False
592527,Michael Mariot,36,2023,0.149486,0.058354,0.240617,0.071108,0.054371,65.98,7.8,0.153846,84.350244,0.0,0.117531,-0.033512,-0.002164,0.138665,0.160306,1,False
686799,Jack Kochanowicz,24,2024,0.149217,0.095214,0.203219,0.042136,0.662252,193.0,266.0,0.093985,101.137458,0.0,-1.014812,0.000424,-0.000535,0.138323,0.160111,1,False
491624,César Valdez,40,2022,0.149074,0.055707,0.242441,0.072852,0.012736,62.175,1.75,0.0,92.44625,0.0,-0.122562,-0.050269,0.000864,0.148804,0.149344,1,False
657093,Spenser Watkins,32,2023,0.148653,0.079286,0.218021,0.054126,0.560844,85.725,173.25,0.141126,86.798298,-5.365876,-0.293824,-0.021264,0.000644,0.138953,0.158354,2,False
592804,Tyler Thornburg,36,2022,0.148541,0.067533,0.229548,0.063208,0.183313,97.845,30.45,0.16092,88.299779,0.0,-0.110011,-0.043413,0.000864,0.140418,0.156663,1,False
517008,Alex Colomé,36,2023,0.148236,0.069881,0.226592,0.061139,0.383112,74.425,84.25,0.147181,89.434151,-10.091172,-0.283589,-0.033512,0.000541,0.14151,0.154962,2,False
642028,Josh Rogers,30,2024,0.148147,0.073285,0.22301,0.058413,0.397629,88.955,89.55,0.080402,86.515415,-3.495968,-0.874305,-0.00657,8.3e-05,0.135235,0.16106,2,False
665048,Hobie Harris,32,2023,0.146808,0.070026,0.223589,0.059911,0.286976,101.86,54.6,0.098901,87.7044,0.0,-0.65462,-0.021264,-0.002164,0.137553,0.156062,1,False
543548,Tommy Milone,38,2023,0.146473,0.065525,0.22742,0.063161,0.261956,80.815,48.15,0.073728,92.640852,6.706293,-1.032013,-0.033512,-0.000645,0.133728,0.159217,2,False
607359,Spencer Patton,37,2023,0.146168,0.065553,0.226782,0.062901,0.241318,86.315,43.15,0.137891,86.370426,-3.112297,-0.262095,-0.033512,-0.001452,0.136321,0.156015,2,False
669947,Jesse Scholtens,31,2023,0.146005,0.092013,0.199997,0.042129,0.625104,233.42,226.2,0.153846,79.872108,0.0,-0.043947,-0.017203,-0.002164,0.137246,0.154765,1,False
547943,Hyun Jin Ryu,38,2023,0.144989,0.084981,0.204997,0.046823,0.561836,166.995,173.95,0.163265,85.400893,0.364735,-0.096152,-0.033512,-0.001475,0.135119,0.154858,2,False
664028,Brett Kennedy,30,2023,0.144911,0.067136,0.222686,0.060686,0.268522,98.18,49.8,0.108434,81.445263,0.0,-0.416627,-0.013141,-0.002164,0.135378,0.154444,1,False
642133,Rowdy Tellez,30,2024,0.144385,0.055994,0.232776,0.068969,0.113681,67.74,17.4,0.034483,76.473354,-27.580909,-1.024314,-0.00657,-0.00076,0.129935,0.158834,2,False
570666,Luis Cessa,33,2023,0.144271,0.083045,0.205497,0.047773,0.591951,132.48,196.8,0.138465,85.426084,-6.487945,-0.288672,-0.020533,-0.000355,0.134055,0.154487,2,False
666154,Karl Kauffmann,27,2023,0.143173,0.074484,0.211863,0.053597,0.411352,132.68,94.8,0.101266,81.490651,0.0,-0.526036,-0.004693,-0.002164,0.132675,0.153672,1,False
501985,Mike Minor,37,2022,0.143038,0.085758,0.200317,0.044694,0.539996,257.925,159.25,0.167033,93.965492,0.0,-0.238261,-0.050269,0.000864,0.135217,0.150859,1,False
657612,Tim Hill,35,2024,0.142643,0.096943,0.188343,0.035659,0.780312,224.585,481.85,0.11487,115.5707,2.509144,-0.992153,-0.016756,-0.000743,0.129424,0.155862,3,False
468504,Jhoulys Chacín,37,2022,0.14255,0.073512,0.211587,0.053868,0.361029,155.265,76.65,0.16895,89.849515,0.0,-0.13075,-0.050269,0.000864,0.134749,0.15035,1,False
702795,Ryan Loutos,26,2024,0.141912,0.051693,0.232131,0.070395,0.068653,65.0,10.0,0.0,72.194074,0.0,-1.203909,-0.002057,-0.000535,0.124983,0.158841,1,False
673858,Jake Wong,28,2023,0.141898,0.051972,0.231825,0.070167,0.062215,66.9,9.0,0.0,73.86,0.0,-1.147321,-0.005273,-0.002164,0.125919,0.157878,1,False
605156,Aaron Brooks,35,2024,0.141677,0.07546,0.207893,0.051667,0.497016,121.005,134.05,0.107796,87.666419,-0.878145,-0.606859,-0.016756,-0.000378,0.129956,0.153398,2,False
605446,Dereck Rodríguez,33,2023,0.141478,0.057132,0.225824,0.065813,0.1806,74.99,29.9,0.06689,81.648664,0.444911,-0.822348,-0.020533,-0.000959,0.127347,0.155609,2,False
656981,Peter Solomon,28,2023,0.140878,0.060992,0.220765,0.062333,0.228591,90.82,40.2,0.089552,76.912288,0.0,-0.482037,-0.005273,-0.002164,0.13013,0.151626,1,False
571800,Drew Hutchison,34,2022,0.140338,0.083498,0.197177,0.04435,0.544857,261.84,162.4,0.146552,85.229091,0.0,-0.216455,-0.030434,0.000864,0.131409,0.149267,1,False
641712,Dakota Hudson,30,2024,0.139823,0.102178,0.177469,0.029374,0.858785,304.1,825.0,0.125212,85.53521,1.150492,-0.417527,-0.00657,-0.000601,0.125654,0.153993,3,False
472551,Fernando Abad,39,2023,0.139692,0.05365,0.225735,0.067137,0.123983,74.72,19.2,0.0625,85.925674,0.0,-0.874546,-0.033512,-0.002164,0.130241,0.149144,1,False
424144,Oliver Pérez,43,2022,0.138094,0.049246,0.226941,0.069326,0.058309,70.44,8.4,0.041667,88.311781,0.0,-0.846165,-0.050269,0.000864,0.130174,0.146013,1,False
453343,Mark Melancon,40,2022,0.13501,0.068186,0.201834,0.052141,0.389222,167.445,86.45,0.1417,92.154674,0.0,-0.380907,-0.050269,0.000864,0.127831,0.142189,1,False
621389,Ty Blach,34,2024,0.134475,0.092683,0.176267,0.032609,0.817762,252.875,608.75,0.125092,81.754801,-5.581603,-0.334281,-0.009901,-0.000945,0.121931,0.14702,3,False
425844,Zack Greinke,41,2023,0.130633,0.090794,0.170473,0.031086,0.805145,353.255,560.55,0.149407,87.573015,-0.459776,-0.256597,-0.033512,-0.001058,0.121921,0.139346,2,False
656976,Pavin Smith,29,2024,0.129991,0.039358,0.220624,0.070719,0.035547,62.5,5.0,0.0,69.705882,0.0,-0.491369,-0.00657,-0.000535,0.117667,0.142315,1,True
669742,Darick Hall,29,2022,0.127244,0.035569,0.218918,0.071531,0.005133,60.87,0.7,0.0,72.18,0.0,0.965052,-0.011843,0.000864,0.125307,0.12918,1,False
501381,Michael Pineda,36,2022,0.127089,0.057627,0.196551,0.054199,0.340368,147.0,70.0,0.13,84.284252,0.0,-0.307208,-0.043413,0.000864,0.11734,0.136837,1,False
543063,Brandon Crawford,38,2024,0.12579,0.037891,0.213689,0.068585,0.087448,65.3,13.0,0.0,71.95456,-5.577571,-1.450778,-0.016756,-0.000911,0.106854,0.144726,2,False
691094,Randy Wynne,32,2023,0.125422,0.036244,0.214599,0.069583,0.046394,65.06,6.6,0.0,73.479412,0.0,-0.846962,-0.021264,-0.002164,0.111114,0.139729,1,False
425794,Adam Wainwright,43,2023,0.125174,0.084905,0.165444,0.031421,0.808149,310.745,571.45,0.145332,88.541114,-14.78377,-0.309095,-0.033512,-0.000675,0.11949,0.130858,2,False
668800,Andrew Knizner,30,2024,0.124553,0.036678,0.212428,0.068567,0.081579,65.605,12.05,0.0,65.711379,45.780556,-1.205255,-0.00657,-0.000413,0.100808,0.148298,2,True
666197,Grae Kessinger,27,2024,0.122845,0.032315,0.213375,0.070638,0.021636,61.5,3.0,0.0,66.18,0.0,0.058816,-0.002636,-0.000535,0.112968,0.132722,1,True
676475,Alec Burleson,26,2023,0.121879,0.033538,0.210221,0.068931,0.054371,65.98,7.8,0.076923,65.642222,0.0,0.074295,-0.004113,-0.002164,0.108636,0.135122,1,True
434671,Aníbal Sánchez,41,2022,0.120856,0.057349,0.184364,0.049553,0.429665,187.02,102.2,0.164384,79.491559,0.0,0.054078,-0.050269,0.000864,0.112607,0.129106,1,False
461325,Tyler Clippard,40,2022,0.120083,0.033632,0.206534,0.067455,0.067373,72.18,9.8,0.142857,79.179469,0.0,0.11989,-0.050269,0.000864,0.108707,0.131459,1,False
682073,David Hensley,29,2024,0.11081,0.023907,0.197713,0.067808,0.068653,65.0,10.0,0.0,62.463077,0.0,-0.93204,-0.00657,-0.000535,0.093377,0.128244,1,True
520980,Pedro Báez,37,2022,0.109185,0.021973,0.196396,0.068049,0.039643,66.96,5.6,0.125,74.974795,0.0,0.263316,-0.050269,0.000864,0.095635,0.122735,1,False
641343,Jake Bauers,29,2024,0.108876,0.025129,0.192624,0.065346,0.128485,70.0,20.0,0.05,62.893333,0.0,-0.465232,-0.00657,-0.000535,0.094422,0.123331,1,True
506702,Sandy León,36,2023,0.107756,0.019637,0.195874,0.068756,0.036232,62.51,5.1,0.0,71.56,-24.14,-0.560137,-0.033512,-0.000917,0.095868,0.119643,2,True
641914,Sheldon Neuse,30,2022,0.10665,0.019062,0.194238,0.068343,0.03003,65.22,4.2,0.0,63.98,0.0,-0.173087,-0.015777,0.000864,0.093999,0.119301,1,True
642086,Dominic Smith,30,2024,0.104959,0.019032,0.190887,0.067047,0.075004,65.5,11.0,0.0,60.332258,0.0,-0.958961,-0.00657,-0.000535,0.087131,0.122788,1,True
660844,Leo Rivas,27,2024,0.101436,0.015306,0.187566,0.067205,0.062215,64.5,9.0,0.0,57.332,0.0,-0.674258,-0.002636,-0.000535,0.084626,0.118245,1,True
614177,Franmil Reyes,29,2022,0.101203,0.012711,0.189694,0.069048,0.007681,61.305,1.05,0.333333,54.194545,0.0,2.025963,-0.011843,0.000864,0.076351,0.126054,1,True
624431,Jose Trevino,32,2024,0.099623,0.014914,0.184332,0.066096,0.087448,66.5,13.0,0.0,60.029302,0.0,-1.11035,-0.010632,-0.000535,0.081056,0.11819,1,True
573262,Mike Yastrzemski,34,2024,0.099569,0.01335,0.185788,0.067275,0.055687,64.0,8.0,0.0,59.774483,0.0,-0.640218,-0.009901,-0.000535,0.084355,0.114783,1,True
607968,Drew Rucinski,36,2023,0.099457,0.027028,0.171886,0.056515,0.295858,103.7,57.0,0.063158,74.944514,0.0,-0.807833,-0.033512,-0.002164,0.08564,0.113275,1,False
665828,Oswaldo Cabrera,26,2024,0.099154,0.011384,0.186923,0.068484,0.021636,61.5,3.0,0.0,56.93,0.0,0.337158,-0.002057,-0.000535,0.087941,0.110366,1,True
593934,Miguel Sanó,32,2024,0.098998,0.010582,0.187413,0.068988,0.007317,60.5,1.0,0.0,61.42,0.0,1.044633,-0.010632,-0.000535,0.093029,0.104967,1,True
613564,Jason Vosler,31,2023,0.097782,0.011697,0.183866,0.067169,0.046394,65.06,6.6,0.0,62.096,0.0,-0.530124,-0.017203,-0.002164,0.082545,0.113018,1,True
689172,Brett Wisely,26,2023,0.096621,0.009103,0.184139,0.068288,0.017384,61.84,2.4,0.0,57.501818,0.0,0.507116,-0.004113,-0.002164,0.086153,0.107089,1,True
668942,Josh Rojas,31,2024,0.091934,0.008357,0.175511,0.065213,0.104318,64.78,15.8,0.037975,56.142037,14.380926,-0.350923,-0.010632,-0.001339,0.073058,0.11081,2,True
642215,Weston Wilson,30,2024,0.091297,0.004824,0.17777,0.067473,0.028641,62.0,4.0,0.0,55.3775,0.0,0.134952,-0.00657,-0.000535,0.078853,0.103742,1,True
650339,Jermaine Palacios,28,2022,0.090499,0.003326,0.177671,0.068018,0.007681,61.305,1.05,0.333333,48.3925,0.0,2.222148,-0.007329,0.000864,0.066841,0.114156,1,True
666149,Tyler Fitzgerald,27,2024,0.08988,0.006619,0.173141,0.064966,0.093546,67.0,14.0,0.0,52.762222,0.0,-0.948923,-0.002636,-0.000535,0.07096,0.108799,1,True
666163,Ben Rortvedt,27,2024,0.088041,0.004129,0.171953,0.065474,0.075004,65.5,11.0,0.090909,50.698889,0.0,0.541849,-0.002636,-0.000535,0.074613,0.101469,1,True
680911,Owen Miller,28,2024,0.087321,0.003792,0.170851,0.065176,0.081268,66.0,12.0,0.0,51.68,0.0,-0.764455,-0.002636,-0.000535,0.069515,0.105128,1,True
640902,Jhonny Pereda,29,2024,0.085639,0.0,0.172366,0.067671,0.007317,60.5,1.0,0.0,54.46,0.0,1.263514,-0.00657,-0.000535,0.078371,0.092907,1,True
670768,Luis González,29,2022,0.084189,0.001857,0.166521,0.064242,0.071839,73.05,10.5,0.0,53.612093,0.0,-0.701109,-0.011843,0.000864,0.066934,0.101444,1,True
518586,Charlie Culberson,36,2022,0.080732,0.0,0.165855,0.066419,0.020222,63.48,2.8,0.0,64.625714,0.0,0.160852,-0.043413,0.000864,0.069403,0.092062,1,True
661531,Brian Serven,30,2022,0.07784,0.0,0.163379,0.066744,0.007681,61.305,1.05,0.0,54.16,0.0,1.240379,-0.015777,0.000864,0.069781,0.085899,1,True
656896,Emmanuel Rivera,29,2024,0.077478,0.0,0.157567,0.062491,0.128485,70.0,20.0,0.0,49.644643,0.0,-1.190073,-0.00657,-0.000535,0.057584,0.097372,1,True
572191,Michael A. Taylor,34,2022,0.07524,0.0,0.158905,0.065281,0.032451,65.655,4.55,0.153846,55.12,0.0,1.052039,-0.030434,0.000864,0.060444,0.090037,1,True
665155,Nick Maton,28,2022,0.074973,0.0,0.159353,0.06584,0.020222,63.48,2.8,0.0,48.5344,0.0,0.674979,-0.007329,0.000864,0.063708,0.086239,1,True
542208,Carlos Pérez,34,2023,0.074108,0.0,0.157474,0.065048,0.042355,64.6,6.0,0.0,54.271905,0.0,-0.197446,-0.019802,-0.002164,0.06009,0.088126,1,True
606115,Orlando Arcia,30,2022,0.074027,0.0,0.158901,0.066225,0.010215,61.74,1.4,0.0,52.296,0.0,1.098454,-0.015777,0.000864,0.06492,0.083134,1,True
621011,Max Schrock,30,2022,0.073929,0.0,0.157871,0.065498,0.025151,64.35,3.5,0.0,51.44,0.0,0.382757,-0.015777,0.000864,0.061662,0.086195,1,True
595978,Austin Hedges,32,2024,0.073532,0.0,0.154923,0.063507,0.103134,63.96,15.6,0.038462,48.854419,7.269569,-0.095209,-0.010632,-0.001538,0.056735,0.09033,2,True
571771,Enrique Hernández,33,2024,0.073165,0.0,0.153246,0.062485,0.117142,69.0,18.0,0.0,49.420889,0.0,-1.080332,-0.009901,-0.000535,0.054667,0.091662,1,True
623507,Josh Lester,30,2023,0.072226,0.0,0.156396,0.065676,0.021636,62.3,3.0,0.2,47.2,0.0,1.639079,-0.013141,-0.002164,0.056133,0.088319,1,True
681584,David Villar,28,2023,0.072018,0.0,0.156592,0.065991,0.013095,61.38,1.8,0.0,48.08,0.0,1.051836,-0.005273,-0.002164,0.062214,0.081822,1,True
543543,Brad Miller,35,2023,0.071437,0.0,0.15466,0.064937,0.038282,64.14,5.4,0.0,55.966154,0.0,-0.155648,-0.026657,-0.002164,0.057827,0.085047,1,True
598265,Jackie Bradley Jr.,35,2022,0.07062,0.0,0.154578,0.06551,0.01774,63.045,2.45,0.142857,56.274,0.0,1.184557,-0.036558,0.000864,0.056137,0.085103,1,True
518626,Josh Donaldson,39,2023,0.069622,0.0,0.15387,0.065736,0.013095,61.38,1.8,0.0,58.7,0.0,0.699385,-0.033512,-0.002164,0.060536,0.078708,1,True
650489,Willi Castro,28,2024,0.068228,0.0,0.15013,0.063906,0.072474,62.66,10.6,0.0,23.393208,31.181333,-0.228003,-0.002636,-0.001549,0.045484,0.090972,2,True
640461,Chad Pinder,33,2022,0.068107,0.0,0.151729,0.065248,0.01774,63.045,2.45,0.0,55.48,0.0,0.553453,-0.031165,0.000864,0.056921,0.079293,1,True
543305,Aaron Hicks,35,2024,0.0678,0.0,0.150583,0.064594,0.042355,63.0,6.0,0.0,49.9,0.0,-0.051142,-0.016756,-0.000535,0.054432,0.081168,1,True
670156,Miles Mastrobuoni,29,2023,0.067353,0.0,0.150864,0.065161,0.021636,62.3,3.0,0.0,47.24,0.0,0.661313,-0.009207,-0.002164,0.055818,0.078888,1,True
676701,Alan Trejo,29,2023,0.067344,0.0,0.14982,0.064354,0.042355,64.6,6.0,0.1,45.0768,0.0,1.004687,-0.009207,-0.002164,0.054063,0.080626,1,True
621550,Patrick Wisdom,33,2024,0.066562,0.0,0.150092,0.065176,0.021636,61.5,3.0,0.0,46.709231,0.0,0.67946,-0.009901,-0.000535,0.055626,0.077498,1,True
660636,Diego Castillo,27,2022,0.065372,0.0,0.147479,0.064066,0.037258,66.525,5.25,0.066667,42.344333,0.0,0.935535,-0.006749,0.000864,0.052601,0.078143,1,True
676391,Ernie Clement,29,2024,0.064988,0.0,0.145827,0.063077,0.087755,63.305,13.05,0.0,29.171252,32.645,-0.427599,-0.00657,-0.000647,0.041641,0.088334,3,True
622569,Pablo Reyes,31,2024,0.064889,0.0,0.145538,0.062929,0.092636,63.385,13.85,0.0,45.553443,-10.681818,-0.690011,-0.010632,-0.001346,0.04696,0.082818,3,True
660644,Vidal Bruján,27,2024,0.064835,0.0,0.144375,0.062063,0.105499,68.0,16.0,0.0625,40.384364,0.0,0.522338,-0.002636,-0.000535,0.051979,0.077691,1,True
594838,Phil Gosselin,36,2022,0.064683,0.0,0.148436,0.065351,0.007681,61.305,1.05,0.0,59.42,0.0,1.072197,-0.043413,0.000864,0.056115,0.073251,1,True
670223,Matt Mervis,27,2024,0.063879,0.0,0.145243,0.063486,0.062215,64.5,9.0,0.0,21.195676,0.0,-0.072196,-0.002636,-0.000535,0.04704,0.080717,1,True
608700,Kevin Plawecki,34,2022,0.063618,0.0,0.147074,0.065118,0.010215,61.74,1.4,0.0,53.904444,0.0,1.044546,-0.030434,0.000864,0.05431,0.072926,1,True
670242,Matt Wallner,27,2024,0.063079,0.0,0.145214,0.064088,0.042355,63.0,6.0,0.0,24.499048,0.0,0.307294,-0.002636,-0.000535,0.048103,0.078055,1,True
657061,Cole Tucker,28,2024,0.062481,0.0,0.145135,0.064493,0.028641,62.0,4.0,0.0,23.478,0.0,0.674864,-0.002636,-0.000535,0.048845,0.076117,1,True
642165,Josh VanMeter,30,2022,0.062205,0.0,0.142311,0.062505,0.065123,71.745,9.45,0.0,46.099189,0.0,-0.343198,-0.015777,0.000864,0.046921,0.077489,1,True
663897,Luke Williams,28,2024,0.062013,0.0,0.140013,0.060862,0.132942,69.68,20.8,0.0,28.115746,-51.457288,-0.879765,-0.002636,-0.000676,0.043119,0.080908,2,True
679845,Nick Loftin,26,2024,0.061724,0.0,0.144577,0.064648,0.021636,61.5,3.0,0.0,31.7625,0.0,0.926487,-0.002057,-0.000535,0.049785,0.073663,1,True
542194,Christian Bethancourt,33,2023,0.06113,0.0,0.142393,0.063408,0.062539,62.505,9.05,0.038674,48.234552,-16.122,0.190004,-0.020533,6.1e-05,0.048488,0.073771,2,True
641645,Luis Guillorme,30,2024,0.060967,0.0,0.139743,0.061467,0.113681,67.74,17.4,0.0,13.416889,-5.177209,-0.706167,-0.00657,-0.00076,0.040146,0.081787,2,True
683021,Michael Stefanic,29,2024,0.060928,0.0,0.143061,0.064087,0.035547,62.5,5.0,0.0,3.634667,0.0,0.47404,-0.00657,-0.000535,0.044549,0.077307,1,True
545121,Ildemaro Vargas,33,2024,0.060568,0.0,0.139902,0.061902,0.105794,65.205,16.05,0.0,43.026917,-10.735807,-0.741191,-0.009901,-0.001053,0.042357,0.07878,3,True
665019,Kody Clemens,29,2024,0.060068,0.0,0.137343,0.060295,0.163677,65.055,26.55,0.035782,35.398818,-2.896098,-0.018437,-0.00657,-0.000479,0.0436,0.076537,3,True
657041,Lane Thomas,29,2023,0.059552,0.0,0.141775,0.064157,0.025851,62.76,3.6,0.166667,35.32,0.0,1.714482,-0.009207,-0.002164,0.045112,0.073992,1,True
664901,Danny Mendick,31,2024,0.059425,0.0,0.139548,0.062518,0.087448,62.9,13.0,0.0,42.248394,14.364912,-0.508446,-0.010632,-0.001663,0.040642,0.078208,2,True
623168,Tyler Heineman,34,2024,0.059347,0.0,0.141558,0.064148,0.028641,62.0,4.0,0.0,-22.94,0.0,0.673941,-0.009901,-0.000535,0.041626,0.077067,1,True
650907,René Pinto,28,2023,0.05898,0.0,0.140719,0.063779,0.034174,63.68,4.8,0.0,17.995385,0.0,0.511235,-0.005273,-0.002164,0.044284,0.073675,1,True
641658,Garrett Hampson,30,2024,0.058641,0.0,0.140752,0.064069,0.028641,62.0,4.0,0.0,19.990769,0.0,0.674557,-0.00657,-0.000535,0.044926,0.072356,1,True
663630,Ryan McKenna,28,2023,0.057582,0.0,0.138684,0.063282,0.049734,63.11,7.1,0.0,27.512622,-40.029032,0.150794,-0.005273,-0.000671,0.044944,0.070221,2,True
656716,Zach McKinstry,30,2024,0.057318,0.0,0.137232,0.062355,0.078772,64.36,11.6,0.0,28.70977,-31.015833,-0.314571,-0.00657,-0.001041,0.041735,0.0729,2,True
645444,Jose Herrera,28,2023,0.057126,0.0,0.138211,0.063269,0.042355,64.6,6.0,0.0,37.592105,0.0,0.30714,-0.005273,-0.002164,0.043846,0.070407,1,True
681807,David Fry,29,2023,0.056822,0.0,0.134913,0.060932,0.103134,71.96,15.6,0.0,42.115278,0.0,-0.679332,-0.009207,-0.002164,0.0404,0.073245,1,True
643396,Isiah Kiner-Falefa,30,2024,0.056702,0.0,0.134946,0.061052,0.120576,65.46,18.6,0.032258,19.319956,-36.603595,0.049321,-0.00657,-0.001376,0.043051,0.070352,2,True
623520,David Bote,32,2024,0.056697,0.0,0.138231,0.063619,0.035547,62.5,5.0,0.0,42.064,0.0,0.396181,-0.010632,-0.000535,0.044428,0.068966,1,True
571466,Tucker Barnhart,34,2024,0.056687,0.0,0.13471,0.06088,0.129324,64.815,20.15,0.0,31.212133,14.424416,-0.849697,-0.009901,-0.001335,0.03543,0.077944,3,True
660634,Yonny Hernández,27,2023,0.056588,0.0,0.138801,0.064149,0.017384,61.84,2.4,0.0,35.664,0.0,1.114385,-0.004693,-0.002164,0.045755,0.06742,1,True
620443,Luis Torrens,29,2024,0.056384,0.0,0.13822,0.063855,0.032106,60.85,4.5,0.0,37.625621,-23.612941,0.56935,-0.00657,0.000553,0.045822,0.066947,2,True
657193,Eddy Alvarez,35,2024,0.05634,0.0,0.137823,0.063579,0.035547,62.5,5.0,0.2,27.390769,0.0,1.7724,-0.016756,-0.000535,0.041518,0.071163,1,True
624503,Nick Gordon,29,2022,0.055836,0.0,0.135384,0.062069,0.060592,70.875,8.75,0.0,41.232941,0.0,-0.092254,-0.011843,0.000864,0.041591,0.070081,1,True
500871,Eduardo Escobar,36,2023,0.055754,0.0,0.135503,0.062226,0.066089,67.36,9.6,0.0,52.843636,0.0,-0.591401,-0.033512,-0.002164,0.040988,0.070519,1,True
622268,Donovan Walton,31,2024,0.055628,0.0,0.136422,0.063042,0.052058,62.745,7.45,0.0,33.104206,3.63619,0.105308,-0.010632,-7.5e-05,0.040078,0.071177,2,True
670042,Luke Raley,30,2023,0.054509,0.0,0.133538,0.061664,0.07752,68.74,11.4,0.052632,1.114634,0.0,0.542289,-0.013141,-0.002164,0.038189,0.07083,1,True
676946,Matthew Batten,30,2022,0.053305,0.0,0.134737,0.06354,0.020222,63.48,2.8,0.125,34.462308,0.0,1.627457,-0.015777,0.000864,0.040098,0.066511,1,True
644374,Yu Chang,29,2022,0.053269,0.0,0.134288,0.063217,0.027597,64.785,3.85,0.0,33.513846,0.0,0.708612,-0.011843,0.000864,0.041101,0.065437,1,True
570731,Jonathan Schoop,33,2023,0.052766,0.0,0.134225,0.063561,0.021636,62.3,3.0,0.2,42.309412,0.0,1.815422,-0.020533,-0.002164,0.038522,0.06701,1,True
571657,Kyle Farmer,34,2024,0.052684,0.0,0.129802,0.060173,0.12285,69.5,19.0,0.0,37.974146,0.0,-0.792396,-0.009901,-0.000535,0.036577,0.068791,1,True
664670,Alejo Lopez,29,2022,0.052633,0.0,0.133697,0.063253,0.025151,64.35,3.5,0.0,38.623077,0.0,0.792494,-0.011843,0.000864,0.041232,0.064033,1,True
676632,Bligh Madris,29,2023,0.052488,0.0,0.134109,0.063687,0.017384,61.84,2.4,0.0,29.856364,0.0,1.114077,-0.009207,-0.002164,0.041257,0.06372,1,True
608348,Carson Kelly,30,2023,0.052144,0.0,0.12919,0.060117,0.123983,69.12,19.2,0.03125,19.271039,-16.61776,0.017403,-0.013141,-0.000839,0.036819,0.067469,2,True
596117,Garrett Stubbs,32,2024,0.051965,0.0,0.127695,0.05909,0.157182,70.13,25.3,0.013834,35.293452,-22.461359,-0.527761,-0.010632,-0.000187,0.036515,0.067416,2,True
500743,Miguel Rojas,36,2024,0.051925,0.0,0.13109,0.06177,0.08375,62.84,12.4,0.0,43.452485,-7.310811,-0.508113,-0.016756,-0.001639,0.037061,0.066789,2,True
571912,Luke Maile,34,2024,0.051681,0.0,0.125936,0.057939,0.19566,70.5,33.0,0.0,30.67572,-1.261846,-1.333527,-0.009901,-0.001276,0.031934,0.071428,2,True
670032,Nicky Lopez,30,2023,0.051176,0.0,0.130364,0.061788,0.068013,66.19,9.9,0.0,40.498032,-6.71419,-0.181988,-0.013141,-0.001522,0.036157,0.066195,2,True
670097,Zack Short,30,2023,0.05036,0.0,0.126602,0.05949,0.123983,74.72,19.2,0.03125,22.637,0.0,0.017403,-0.013141,-0.002164,0.035495,0.065226,1,True
621433,Brett Phillips,31,2023,0.049557,0.0,0.129084,0.062053,0.065445,62.15,9.5,0.0,19.353737,-2.272978,-0.124105,-0.017203,0.00029,0.033156,0.065958,2,True
624512,Reese McGuire,30,2022,0.049404,0.0,0.130963,0.063639,0.007681,61.305,1.05,0.0,7.88,0.0,1.740379,-0.015777,0.000864,0.038242,0.060566,1,True
570560,Yolmer Sánchez,33,2022,0.049303,0.0,0.130434,0.063305,0.015244,62.61,2.1,0.0,47.982667,0.0,0.931868,-0.031165,0.000864,0.039028,0.059577,1,True
670712,Mike Brosseau,31,2023,0.048917,0.0,0.127956,0.061672,0.068333,64.595,9.95,0.0,41.828456,-20.844242,-0.236764,-0.017203,-0.000779,0.035275,0.06256,2,True
607461,Matt Beaty,32,2023,0.048749,0.0,0.129229,0.062797,0.03003,63.22,4.2,0.142857,1.48,0.0,1.555797,-0.021264,-0.002164,0.032835,0.064664,1,True
543510,James McCann,35,2024,0.047045,0.0,0.126452,0.061959,0.055687,62.8,8.0,0.0,35.915,5.752,0.037799,-0.016756,-0.001146,0.032718,0.061373,2,True
605612,Harold Castro,31,2023,0.046766,0.0,0.124729,0.060832,0.086834,65.69,12.9,0.027132,39.8976,-6.894855,0.14032,-0.017203,-0.000685,0.03339,0.060142,2,True
622110,Matt Duffy,34,2023,0.045489,0.0,0.12492,0.061978,0.042355,64.6,6.0,0.0,42.16,0.0,0.225257,-0.019802,-0.002164,0.03344,0.057538,1,True
656669,Jordan Luplow,31,2023,0.044535,0.0,0.124589,0.062464,0.025851,62.76,3.6,0.0,29.811429,0.0,0.767493,-0.017203,-0.002164,0.032823,0.056248,1,True
572008,Chris Owings,33,2023,0.044347,0.0,0.123942,0.062106,0.037941,62.935,5.35,0.0,24.315047,12.794,0.411731,-0.020533,-0.001173,0.02985,0.058844,2,True
593643,Hanser Alberto,32,2023,0.043416,0.0,0.118544,0.05862,0.148453,67.165,23.65,0.040169,38.987484,-2.088876,0.098885,-0.021264,-5.8e-05,0.030269,0.056563,2,True
553902,Willians Astudillo,33,2022,0.04304,0.0,0.123116,0.062481,0.01774,63.045,2.45,0.0,45.224348,0.0,0.903448,-0.031165,0.000864,0.032819,0.053261,1,True
645801,Mike Ford,32,2023,0.041997,0.0,0.120132,0.060966,0.061891,65.695,8.95,0.0,18.637861,-21.532381,-0.067688,-0.021264,-0.001572,0.027429,0.056565,2,True
605170,Victor Caratini,31,2022,0.040743,0.0,0.120476,0.062213,0.01774,63.045,2.45,0.0,24.42,0.0,1.096675,-0.023773,0.000864,0.029715,0.051772,1,True
571875,Jake Lamb,34,2023,0.040735,0.0,0.120603,0.062319,0.017384,61.84,2.4,0.0,33.2725,0.0,1.113308,-0.019802,-0.002164,0.0307,0.050769,1,True
606993,Jake Hager,32,2022,0.04066,0.0,0.119997,0.061905,0.025151,64.35,3.5,0.1,18.834286,0.0,1.414227,-0.027835,0.000864,0.027779,0.053541,1,True
607732,Jacob Stallings,35,2023,0.040274,0.0,0.114558,0.057962,0.137352,76.56,21.6,0.027778,43.802174,0.0,-0.243112,-0.026657,-0.002164,0.027829,0.052719,1,True
641525,Brandon Dixon,33,2023,0.039666,0.0,0.119563,0.062342,0.013095,61.38,1.8,0.0,34.02,0.0,1.345263,-0.020533,-0.002164,0.030191,0.04914,1,True
641531,Hunter Dozier,33,2022,0.039135,0.0,0.118753,0.062124,0.015244,62.61,2.1,0.0,43.58,0.0,1.089398,-0.031165,0.000864,0.029537,0.048732,1,True
607054,Jace Peterson,35,2023,0.037914,0.0,0.115611,0.060625,0.057328,65.625,8.25,0.072727,36.070105,-11.042849,0.868304,-0.026657,-0.001779,0.026266,0.049562,2,True
501303,Ehire Adrianza,35,2022,0.033279,0.0,0.112246,0.061616,0.010215,61.74,1.4,0.25,26.12,0.0,2.270238,-0.036558,0.000864,0.019918,0.04664,1,True
643524,Frank Schwindel,33,2022,0.033234,0.0,0.110514,0.0603,0.044379,67.83,6.3,0.0,14.526667,0.0,0.26125,-0.031165,0.000864,0.02091,0.045557,1,True
503556,Marwin Gonzalez,36,2022,0.033109,0.0,0.112428,0.061891,0.002573,60.435,0.35,0.0,47.39,0.0,2.070234,-0.043413,0.000864,0.026356,0.039861,1,True
608686,Jack Mayfield,34,2022,0.03304,0.0,0.11197,0.061587,0.010215,61.74,1.4,0.0,40.673846,0.0,1.510727,-0.030434,0.000864,0.024772,0.041307,1,True
642851,Austin Wynns,34,2022,0.032965,0.0,0.111147,0.061004,0.025151,64.35,3.5,0.0,29.915385,0.0,0.791724,-0.030434,0.000864,0.02268,0.04325,1,True
571976,Wil Myers,34,2022,0.032482,0.0,0.109883,0.060394,0.039643,66.96,5.6,0.0,37.618605,0.0,0.36973,-0.030434,0.000864,0.021903,0.04306,1,True
608703,Matt Reynolds,34,2022,0.032345,0.0,0.110552,0.061024,0.022693,63.915,3.15,0.0,38.558095,0.0,0.883291,-0.030434,0.000864,0.022812,0.041877,1,True
545341,Randal Grichuk,33,2022,0.031425,0.0,0.110223,0.061485,0.007681,61.305,1.05,0.0,27.068,0.0,1.739918,-0.031165,0.000864,0.022877,0.039972,1,True
543281,Josh Harrison,37,2023,0.028696,0.0,0.103279,0.058195,0.101352,67.53,15.3,0.045752,32.468641,-12.762153,0.338331,-0.033512,-0.000917,0.018394,0.038999,2,True
592743,Andrelton Simmons,35,2022,0.027721,0.0,0.105211,0.060464,0.022693,63.915,3.15,0.0,-5.2992,0.0,0.883138,-0.036558,0.000864,0.016695,0.038747,1,True
455117,Martín Maldonado,38,2023,0.024897,0.0,0.101203,0.059539,0.042355,64.6,6.0,0.0,35.333333,0.0,0.305601,-0.033512,-0.002164,0.015681,0.034113,1,True
593160,Whit Merrifield,36,2022,0.020388,0.0,0.097047,0.059815,0.015244,62.61,2.1,0.0,-46.510769,0.0,1.222199,-0.043413,0.000864,0.010247,0.03053,1,True
572816,Corey Dickerson,36,2022,0.017602,0.0,0.093801,0.059456,0.015244,62.61,2.1,0.0,17.313333,0.0,1.222199,-0.043413,0.000864,0.010247,0.024957,1,True
573131,Darin Ruf,38,2022,0.017394,0.0,0.093449,0.059344,0.01774,63.045,2.45,0.0,14.62,0.0,1.095598,-0.050269,0.000864,0.01,0.024789,1,True
425877,Yadier Molina,42,2022,0.016903,0.0,0.09234,0.058862,0.03003,65.22,4.2,0.083333,37.8485,0.0,1.23724,-0.050269,0.000864,0.01,0.023806,1,True
444876,Alcides Escobar,38,2022,0.016853,0.0,0.092496,0.059022,0.025151,64.35,3.5,0.0,41.214167,0.0,0.745393,-0.050269,0.000864,0.01,0.023707,1,True
405395,Albert Pujols,45,2022,0.016847,0.0,0.092812,0.059273,0.01774,63.045,2.45,0.0,11.751852,0.0,1.094521,-0.050269,0.000864,0.01,0.023695,1,True
543829,Dee Strange-Gordon,37,2022,0.016817,0.0,0.092668,0.059185,0.020222,63.48,2.8,0.0,35.28,0.0,0.983635,-0.050269,0.000864,0.01,0.023635,1,True
